num_of_services,variation_coefficient_serv_per_bene,service_description,service_billing_code,npi,total_payments,num_of_beneficiaries,nppes_provider_last_org_name,national_stddev_serv_per_bene,national_avg_serv_per_bene,services_per_bene,num_of_providers,nppes_provider_first_name,provider_specialty,nppes_provider_zip,national_rank,nppes_provider_city,nppes_provider_state,nppes_provider_street,stddev_above_avg
126.0,0.0365572187634258,Emergency dept visit,99284,1023097847,10542.6,116.0,BERGMAN,0.037767896229949,1.03311732969507,1.08621,33037,LYNN,Emergency Medicine,09645,2452,FPO,AE,PSC 819 BOX 18-144,1.40568018340439
71.0,0.232596009345123,Office/outpatient visit est,99213,1407968142,4056.49,54.0,WEBER,0.34184812873952,1.46970762611963,1.31481,8193,DAVID,Otolaryngology,09464,5554,APO,AE,PSC 41 BOX 5606,-0.45310419192951
94.0,0.0336797314708115,Emergency dept visit,99285,1760528426,12441.8,93.0,TWILLEY,0.0350592234411451,1.040959114283,1.01075,32517,RUSH,Emergency Medicine,09630,26923,APO,AE,CMR 427,-0.861583155605993
12.0,0.00894690601963264,Home visit new patient,99343,1083924617,922.41,12.0,VOLNEK,0.00896400474010346,1.001911132232,1.0,23,JILLIAN,Physician Assistant,096179998,2,APO,AE,PSC 827,-0.213200716355335
39.0,0.0664520232825646,Ct head/brain w/o dye,70450,1720235971,1314.14,38.0,VAIDYA,0.0695159784610531,1.04610777862188,1.02632,22764,NEEL,Diagnostic Radiology,09180,12799,APO,AE,CMR 402 BOX 1234,-0.284711094684015
80.0,0.520218405877356,Office/outpatient visit est,99213,1093867137,5013.34,67.0,SAUNDERS,1.05399433249761,2.02606120927235,1.19403,57176,SHEREE,Internal Medicine,095741664,48528,FPO,AE,USS IWO JIMA (LHD-7),-0.789407851232258
15.0,0.423685333971233,Office/outpatient visit est,99213,1750352845,364.54,15.0,BASHORE,0.565514113177431,1.33475026826354,1.0,20118,JOEL,Physician Assistant,09636,17680,FPO,AE,PSC 36 BOX 531,-0.591939724338079
16.0,0.044846623546097,Initial hospital care,99221,1295706398,1023.04,14.0,VARONE,0.0458082838518961,1.02144331567817,1.14286,1008,RICKY,Physician Assistant,09636,31,FPO,AE,PSC 836,2.65047864838622
36.0,0.142848823550394,Critical care first hour,99291,1952364887,6575.05,35.0,FARABAUGH,0.146227909401061,1.02365497850583,1.02857,23177,ERIC,Emergency Medicine,09587 1714,4728,FPO,AE,USS SHREVEPORT LPD-12,0.0336222270248792
16.0,0.0569386529853477,Nursing fac discharge day,99315,1083924617,684.79,16.0,VOLNEK,0.05903028854411,1.03673489710585,1.0,201,JILLIAN,Physician Assistant,096179998,97,APO,AE,PSC 827,-0.622305904508635
12.0,0.0930160726386628,Anesth lens surgery,00142,1033118666,1013.37,12.0,COOLEY,0.0986431095962575,1.06049531869029,1.0,11516,JOHN,Anesthesiology,096171000,6655,APO,AE,PSC 827 BOX 1000,-0.613274651801753
24.0,0.0343077123993454,Flu vacc prsv free inc antig,90662,1295974178,742.08,24.0,MESSER,0.0344312697574568,1.00360144554884,1.0,435,HALEY,Physician Assistant,097140000,23,APO,AE,PSC 79 BOX 226,-0.104598104403507
81.0,0.0365572187634258,Emergency dept visit,99284,1952364887,7623.25,76.0,FARABAUGH,0.037767896229949,1.03311732969507,1.06579,33037,ERIC,Emergency Medicine,09587 1714,4358,FPO,AE,USS SHREVEPORT LPD-12,0.865076816613472
44.0,0.112319123372761,Initial observation care,99219,1093782138,4184.46,44.0,DALTON,0.115865819887228,1.03157696043172,1.0,6332,MARK,Internal Medicine,090420029,2127,APO,AE,CMR 442 BOX 29,-0.272530418914375
45.0,0.423685333971233,Office/outpatient visit est,99213,1295974178,1894.15,43.0,MESSER,0.565514113177431,1.33475026826354,1.04651,20118,HALEY,Physician Assistant,097140000,16252,APO,AE,PSC 79 BOX 226,-0.509693058867404
34.0,0.0338605159108296,Cardiovascular stress test,93018,1093782138,372.86,34.0,DALTON,0.0342543009762019,1.01162962390796,1.0,2089,MARK,Internal Medicine,090420029,690,APO,AE,CMR 442 BOX 29,-0.339508428913359
143.0,0.0365572187634258,Emergency dept visit,99284,1104839364,11157.6,128.0,SAND,0.037767896229949,1.03311732969507,1.11719,33037,DAVIS,Emergency Medicine,09705,1103,APO,AE,SHF UNIT 21414 BOX171,2.22596910860665
14.0,0.0283323841270109,Anesth upper gi visualize,00740,1235368044,1847.23,14.0,BOCCHICCHIO,0.0287347183639555,1.01420050762904,1.0,17101,JAMES,CRNA,094649998,5443,APO,AE,PSC 41,-0.494193381302002
53.0,0.456378489970699,Office/outpatient visit est,99212,1295706398,1365.31,45.0,VARONE,0.575582679550369,1.26119589813999,1.17778,7099,RICKY,Physician Assistant,09636,2848,FPO,AE,PSC 836,-0.14492814659357
254.0,0.0758341463682671,Electrocardiogram report,93010,1023097847,1717.87,228.0,BERGMAN,0.0814819679442487,1.07447596955275,1.11404,17374,LYNN,Emergency Medicine,09645,3132,FPO,AE,PSC 819 BOX 18-144,0.485495883229518
32.0,0.118146451549463,Emergency dept visit,99282,1104839364,845.37,31.0,SAND,0.121438097153657,1.02786072337362,1.03226,7779,DAVIS,Emergency Medicine,09705,2027,APO,AE,SHF UNIT 21414 BOX171,0.0362103037011065
12.0,0.510827821265271,Subsequent hospital care,99231,1790710143,417.72,11.0,CALERO,0.816570813026255,1.5985245498252,1.09091,2137,KELLY,Physician Assistant,09180,1751,APO,AE,LANDSTUHL REGIONAL MEDICAL CENTER,-0.621642873228883
153.0,0.0455552183320627,Emergency dept visit,99283,1780831909,5994.7,149.0,EASTER,0.0470732655526857,1.03332323444391,1.02685,7533,THOMAS,Physician Assistant,09351,3348,APO,AE,TOM EASTER PA-C KBR MEDICAL,-0.137605513014729
120.0,0.616142084347132,Subsequent hospital care,99233,1093782138,9187.49,75.0,DALTON,1.43674914127796,2.33184711412847,1.6,37443,MARK,Internal Medicine,090420029,26617,APO,AE,CMR 442 BOX 29,-0.509377085575042
46.0,0.110585190393936,X-ray exam of abdomen,74000,1720235971,344.84,39.0,VAIDYA,0.123629542628367,1.11795749673137,1.17949,21869,NEEL,Diagnostic Radiology,09180,4388,APO,AE,CMR 402 BOX 1234,0.497694405026966
24.0,0.882742158286566,Nursing fac care subseq,99308,1083924617,960.94,21.0,VOLNEK,2.25972811272016,2.55989599172013,1.14286,1493,JILLIAN,Physician Assistant,096179998,1321,APO,AE,PSC 827,-0.627083758349817
18.0,0.00635997037527234,Office/outpatient visit new,99203,1093867137,1706.04,18.0,SAUNDERS,0.00636327605535965,1.00051976344106,1.0,11541,SHEREE,Internal Medicine,095741664,161,FPO,AE,USS IWO JIMA (LHD-7),-0.0816817369766048
37.0,0.836239724669741,Nursing fac care subseq,99308,1093782138,1849.63,11.0,DALTON,2.86005280840464,3.42013506896503,3.36364,11655,MARK,Internal Medicine,090420029,4285,APO,AE,CMR 442 BOX 29,-0.0197544652094249
54.0,0.0283323841270109,Anesth upper gi visualize,00740,1356313985,6495.67,54.0,MILLER,0.0287347183639555,1.01420050762904,1.0,17101,BRIAN,CRNA,096179998,5443,APO,AE,PSC 827 BOX 142,-0.494193381302002
18.0,0.0120034663959189,"Afluria vacc, 3 yrs & >, im",Q2035,1093867137,207.72,18.0,SAUNDERS,0.0120444519789406,1.00341447892383,1.0,1503,SHEREE,Internal Medicine,095741664,223,FPO,AE,USS IWO JIMA (LHD-7),-0.283489770210852
28.0,0.142848823550394,Critical care first hour,99291,1023097847,4842.32,28.0,BERGMAN,0.146227909401061,1.02365497850583,1.0,23177,LYNN,Emergency Medicine,09645,9410,FPO,AE,PSC 819 BOX 18-144,-0.161767877300008
103.0,0.0336797314708115,Emergency dept visit,99285,1922081140,13104.0,95.0,LUCAS,0.0350592234411451,1.040959114283,1.08421,32517,REBECCA,Emergency Medicine,096170078,3353,APO,AE,PSC 827 BOX 78,1.23366682128277
13.0,0.0945264849478806,Anesth kidney stone destruct,00873,1801880091,982.49,13.0,MOORE,0.100517283734153,1.06337693387812,1.0,275,JENNIFER,CRNA,09617,133,FPO,AE,PSC 827,-0.630507824363188
19.0,0.0128958653890047,Domicil/r-home visit new pat,99327,1083924617,2184.81,18.0,VOLNEK,0.0129488872175545,1.00411153706637,1.05556,55,JILLIAN,Physician Assistant,096179998,1,APO,AE,PSC 827,3.97285450987591
27.0,0.184056738952794,Office/outpatient visit est,99212,1407968142,818.87,26.0,WEBER,0.233418969333888,1.26819029100453,1.03846,4573,DAVID,Otolaryngology,09464,4090,APO,AE,PSC 41 BOX 5606,-0.98419046956095
25.0,0.032519267217425,Admin influenza virus vac,G0008,1295974178,250.0,25.0,MESSER,0.0327093149609982,1.00584415824325,1.0,2700,HALEY,Physician Assistant,097140000,357,APO,AE,PSC 79 BOX 226,-0.178669539555275
20.0,0.0968702337751036,Chest x-ray,71020,1720235971,181.69,20.0,VAIDYA,0.102712820100238,1.06031353592786,1.0,31643,NEEL,Diagnostic Radiology,09180,25600,APO,AE,CMR 402 BOX 1234,-0.58720552964079
73.0,0.0758341463682671,Electrocardiogram report,93010,1952364887,514.8,68.0,FARABAUGH,0.0814819679442487,1.07447596955275,1.07353,17374,ERIC,Emergency Medicine,09587 1714,6575,FPO,AE,USS SHREVEPORT LPD-12,-0.0116173786434156
84.0,0.0455552183320627,Emergency dept visit,99283,1750352845,2704.42,83.0,BASHORE,0.0470732655526857,1.03332323444391,1.01205,7533,JOEL,Physician Assistant,09636,4423,FPO,AE,PSC 36 BOX 531,-0.451954835038644
28.0,0.0584053296157206,Ct abd & pelvis,74176,1720235971,1994.88,28.0,VAIDYA,0.0598813845146275,1.02527260626074,1.0,22797,NEEL,Diagnostic Radiology,09180,13099,APO,AE,CMR 402 BOX 1234,-0.422044454475956
48.0,0.0468432108612036,Anesth bladder surgery,00910,1801880091,2364.71,48.0,MOORE,0.0480738727918995,1.02627193798355,1.0,3132,JENNIFER,CRNA,09617,991,FPO,AE,PSC 827,-0.546490982685659
26.0,0.665604790565809,Domicil/r-home visit est pat,99336,1083924617,2154.88,17.0,VOLNEK,1.76442863131065,2.65086528270141,1.52941,322,JILLIAN,Physician Assistant,096179998,225,APO,AE,PSC 827,-0.635590167856916
53.0,0.118630022403374,Initial hospital care,99222,1093782138,5307.77,52.0,DALTON,0.127263519713791,1.07277666424997,1.01923,27819,MARK,Internal Medicine,090420029,14627,APO,AE,CMR 442 BOX 29,-0.420748545925415
211.0,0.040606420328467,Emergency dept visit,99283,1104839364,8078.29,178.0,SAND,0.0418548962608648,1.03074577670966,1.18539,31668,DAVIS,Emergency Medicine,09705,297,APO,AE,SHF UNIT 21414 BOX171,3.69484699119188
12.0,0.0575516042101795,Anesth anorectal surgery,00902,1801880091,743.86,12.0,MOORE,0.0587612434539148,1.02101834102343,1.0,186,JENNIFER,CRNA,09617,47,FPO,AE,PSC 827,-0.35769054206484
144.0,0.665223448426314,Subsequent hospital care,99231,1093782138,4214.88,72.0,DALTON,1.40525529723353,2.11245604850201,2.0,17911,MARK,Internal Medicine,090420029,6041,APO,AE,CMR 442 BOX 29,-0.0800253510685181
119.0,0.0283323841270109,Anesth upper gi visualize,00740,1801880091,7450.0,116.0,MOORE,0.0287347183639555,1.01420050762904,1.02586,17101,JENNIFER,CRNA,09617,3761,FPO,AE,PSC 827,0.405836241838988
31.0,0.142848823550394,Critical care first hour,99291,1760528426,5306.11,31.0,TWILLEY,0.146227909401061,1.02365497850583,1.0,23177,RUSH,Emergency Medicine,09630,9410,APO,AE,CMR 427,-0.161767877300008
16.0,0.720410264684422,Critical care first hour,99291,1093782138,2683.2,11.0,DALTON,1.32633812796777,1.8410872151423,1.45455,12046,MARK,Internal Medicine,090420029,5595,APO,AE,CMR 442 BOX 29,-0.291435275136267
112.0,0.761989215817178,Nursing fac care subseq,99309,1083924617,6163.59,79.0,VOLNEK,1.96473644720717,2.57843077884001,1.41772,1309,JILLIAN,Physician Assistant,096179998,956,APO,AE,PSC 827,-0.590770976207246
60.0,0.0379623941302872,Emergency dept visit,99284,1780831909,4565.35,60.0,EASTER,0.0388719535613927,1.02395948548408,1.0,7340,THOMAS,Physician Assistant,09351,3813,APO,AE,TOM EASTER PA-C KBR MEDICAL,-0.616369471789948
64.0,0.040606420328467,Emergency dept visit,99283,1922081140,2754.39,62.0,LUCAS,0.0418548962608648,1.03074577670966,1.03226,31668,REBECCA,Emergency Medicine,096170078,11124,APO,AE,PSC 827 BOX 78,0.0361309471023774
11.0,0.498946455845117,Office/outpatient visit est,99213,1083746119,633.82,11.0,LORENZ-MCGINNIS,0.945047100717593,1.89408520623094,1.0,64877,RACHEL,Family Practice,094590032,63069,APO,AE,PSC 37 BOX 3122,-0.946074757069822
15.0,0.0749061552568945,Ct thorax w/dye,71260,1720235971,693.9,14.0,VAIDYA,0.0775467668286128,1.03525226415189,1.07143,21784,NEEL,Diagnostic Radiology,09180,2849,APO,AE,CMR 402 BOX 1234,0.46650911051961
53.0,0.0379623941302872,Emergency dept visit,99284,1750352845,3723.98,53.0,BASHORE,0.0388719535613927,1.02395948548408,1.0,7340,JOEL,Physician Assistant,09636,3813,FPO,AE,PSC 36 BOX 531,-0.616369471789948
34.0,0.0416776233974872,Cardiovascular stress test,93016,1093782138,542.08,34.0,DALTON,0.0421641505126374,1.01167358106075,1.0,2011,MARK,Internal Medicine,090420029,601,APO,AE,CMR 442 BOX 29,-0.276860340332363
16.0,0.200656476646078,Subsequent observation care,99225,1093782138,846.84,14.0,DALTON,0.261158275011458,1.30151928996588,1.14286,5064,MARK,Internal Medicine,090420029,3617,APO,AE,CMR 442 BOX 29,-0.607532332690123
12.0,0.030048445197971,Emergency dept visit,99285,1750352845,1227.35,12.0,BASHORE,0.0305393363413918,1.01633665702789,1.0,5660,JOEL,Physician Assistant,09636,2530,FPO,AE,PSC 36 BOX 531,-0.534938180884856
15.0,0.0649275638524595,Anesth vascular shunt surg,01844,1801957436,1868.27,14.0,KING,0.0678366767273707,1.04480551405751,1.07143,1279,JOHN,CRNA,09244,351,APO,AE,USAMEDDAC WUERZBURG UNIT 26610,0.392457658535685
12.0,0.118146451549463,Emergency dept visit,99282,1760528426,363.48,12.0,TWILLEY,0.121438097153657,1.02786072337362,1.0,7779,RUSH,Emergency Medicine,09630,2509,APO,AE,CMR 427,-0.229423253712304
67.0,0.00323486240406244,Office/outpatient visit new,99203,1295706398,4421.82,67.0,VARONE,0.00323562074817677,1.00023442855355,1.0,6840,RICKY,Physician Assistant,09636,63,FPO,AE,PSC 836,-0.0724524200450489
11.0,0.082853445292627,Initial observation care,99220,1093782138,1504.36,11.0,DALTON,0.084613266192902,1.02124016562087,1.0,13446,MARK,Internal Medicine,090420029,4399,APO,AE,CMR 442 BOX 29,-0.251026423828692
18.0,0.100128955426204,Hospital discharge day,99238,1790710143,1130.4,18.0,CALERO,0.104708534272255,1.04573680836435,1.0,971,KELLY,Physician Assistant,09180,440,APO,AE,LANDSTUHL REGIONAL MEDICAL CENTER,-0.436801151713465
29.0,0.908521484675152,Nursing fac care subseq,99307,1093782138,934.96,15.0,DALTON,2.6023325085412,2.86435989950384,1.93333,5040,MARK,Internal Medicine,090420029,2713,APO,AE,CMR 442 BOX 29,-0.357766203490814
28.0,0.040606420328467,Emergency dept visit,99283,1760528426,1333.12,28.0,TWILLEY,0.0418548962608648,1.03074577670966,1.0,31668,RUSH,Emergency Medicine,09630,20209,APO,AE,CMR 427,-0.734580167587527
20.0,0.0519836526170572,Insert emergency airway,31500,1033118666,1970.4,19.0,COOLEY,0.0534491271366028,1.02819106480149,1.05263,749,JOHN,Anesthesiology,096171000,190,APO,AE,PSC 827 BOX 1000,0.457267557025831
30.0,0.0617161040836954,Anesth skin ext/per/atrunk,00400,1801880091,1307.2,30.0,MOORE,0.0631311016531961,1.02292752581371,1.0,4346,JENNIFER,CRNA,09617,1033,FPO,AE,PSC 827,-0.36317322545173
11.0,0.0124357110611126,Anesth low intestine scope,00810,1801957436,794.73,11.0,KING,0.0124848522199513,1.00395161632473,1.0,15386,JOHN,CRNA,09244,2565,APO,AE,USAMEDDAC WUERZBURG UNIT 26610,-0.316512863357441
15.0,0.0938240292982921,Emergency dept visit,99282,1780831909,412.8,15.0,EASTER,0.0968957398163575,1.03273905992994,1.0,1471,THOMAS,Physician Assistant,09351,511,APO,AE,TOM EASTER PA-C KBR MEDICAL,-0.3378792503364
161.0,0.0336797314708115,Emergency dept visit,99285,1952364887,22396.9,155.0,FARABAUGH,0.0350592234411451,1.040959114283,1.03871,32517,ERIC,Emergency Medicine,09587 1714,14024,FPO,AE,USS SHREVEPORT LPD-12,-0.0641621108306773
44.0,0.0336797314708115,Emergency dept visit,99285,1750361069,5733.02,44.0,YOUNG,0.0350592234411451,1.040959114283,1.0,32517,JAMES,Emergency Medicine,09550-2873,28748,FPO,AE,CVN 73 BOX 67,-1.16828355744265
44.0,0.4746014938865,Office/outpatient visit est,99214,1093867137,4015.08,39.0,SAUNDERS,0.963700582797498,2.03054688030115,1.12821,56743,SHEREE,Internal Medicine,095741664,50629,FPO,AE,USS IWO JIMA (LHD-7),-0.936329930935206
79.0,0.125141182519553,Initial hospital care,99223,1093782138,11852.4,78.0,DALTON,0.136596040254187,1.0915354762038,1.01282,42357,MARK,Internal Medicine,090420029,30478,APO,AE,CMR 442 BOX 29,-0.576261169820867
28.0,0.0523791095226466,Observation care discharge,99217,1093782138,1492.4,28.0,DALTON,0.0536302669334489,1.02388657276163,1.0,16296,MARK,Internal Medicine,090420029,5809,APO,AE,CMR 442 BOX 29,-0.445393508693056
18.0,0.019280913279173,Anesth removal of prostate,00914,1801880091,1646.09,18.0,MOORE,0.0193825171866261,1.00526966259232,1.0,299,JENNIFER,CRNA,09617,27,FPO,AE,PSC 827,-0.271877101492239
43.0,0.0124357110611126,Anesth low intestine scope,00810,1235368044,5388.93,43.0,BOCCHICCHIO,0.0124848522199513,1.00395161632473,1.0,15386,JAMES,CRNA,094649998,2565,APO,AE,PSC 41,-0.316512863357441
107.0,0.0365572187634258,Emergency dept visit,99284,1760528426,9608.27,104.0,TWILLEY,0.037767896229949,1.03311732969507,1.02885,33037,RUSH,Emergency Medicine,09630,14350,APO,AE,CMR 427,-0.113090361000212
98.0,0.0758341463682671,Electrocardiogram report,93010,1760528426,658.34,92.0,TWILLEY,0.0814819679442487,1.07447596955275,1.06522,17374,RUSH,Emergency Medicine,09630,7676,APO,AE,CMR 427,-0.11362751822307
33.0,0.0225124830487168,Anesth knee arthroplasty,01402,1356313985,9424.59,32.0,MILLER,0.0226843643646796,1.00763493372059,1.03125,4954,BRIAN,CRNA,096179998,530,APO,AE,PSC 827 BOX 142,1.04102834444767
22.0,0.15520816111545,Diagnostic laryngoscopy,31575,1407968142,1901.03,19.0,WEBER,0.189326181589381,1.21982104696513,1.15789,6968,DAVID,Otolaryngology,09464,3888,APO,AE,PSC 41 BOX 5606,-0.327087969964487
36.0,0.0681338870104216,Ct abd & pelv w/contrast,74177,1720235971,2673.12,35.0,VAIDYA,0.070105953599234,1.02894399065344,1.02857,23058,NEEL,Diagnostic Radiology,09180,7472,APO,AE,CMR 402 BOX 1234,-0.00531344573799845
16.0,0.0245721958562162,Electrical bone stimulation,20974,1295706398,610.87,15.0,VARONE,0.0248452204824479,1.01111112038294,1.06667,6,RICKY,Physician Assistant,09636,1,FPO,AE,PSC 836,2.23606797749979
24.0,0.0184541215799544,Anesth hip arthroplasty,01214,1356313985,7298.48,23.0,MILLER,0.0185538329650624,1.00540320408511,1.04348,1144,BRIAN,CRNA,096179998,76,APO,AE,PSC 827 BOX 142,2.05213911810713
124.0,0.0124357110611126,Anesth low intestine scope,00810,1801880091,8256.75,124.0,MOORE,0.0124848522199513,1.00395161632473,1.0,15386,JENNIFER,CRNA,09617,2565,FPO,AE,PSC 827,-0.316512863357441
130.0,0.00235212821506099,Office/outpatient visit new,99203,1407968142,10500.2,130.0,WEBER,0.00235274416833892,1.00026187062167,1.0,7422,DAVID,Otolaryngology,09464,182,APO,AE,PSC 41 BOX 5606,-0.111304333550278
282.0,0.0336797314708115,Emergency dept visit,99285,1023097847,36879.7,274.0,BERGMAN,0.0350592234411451,1.040959114283,1.0292,32517,LYNN,Emergency Medicine,09645,18415,FPO,AE,PSC 819 BOX 18-144,-0.335489959670588
19.0,0.0482740388807189,Anesth bladder tumor surg,00912,1801880091,1472.94,18.0,MOORE,0.0495841620087446,1.02713928973838,1.05556,219,JENNIFER,CRNA,09617,53,FPO,AE,PSC 827,0.573092115646054
16.0,0.123266395273061,Nursing fac discharge day,99315,1093782138,849.12,15.0,DALTON,0.13114890417804,1.06394694099327,1.06667,2299,MARK,Internal Medicine,090420029,788,APO,AE,CMR 442 BOX 29,0.020738116886658
23.0,0.00232033147850121,Office/outpatient visit new,99202,1407968142,1279.59,23.0,WEBER,0.00232065746710304,1.00014049225503,1.0,2438,DAVID,Otolaryngology,09464,17,APO,AE,PSC 41 BOX 5606,-0.0605398500296244
39.0,0.0984808341531406,Anesth lens surgery,00142,1235368044,4324.5,38.0,BOCCHICCHIO,0.105318543284997,1.06943187667586,1.02632,11238,JAMES,CRNA,094649998,6172,APO,AE,PSC 41,-0.409387245919065
16.0,0.426756942084062,Office/outpatient visit est,99214,1083746119,1362.08,15.0,LORENZ-MCGINNIS,0.824792051328985,1.93269744436054,1.06667,61884,RACHEL,Family Practice,094590032,57382,APO,AE,PSC 37 BOX 3122,-1.04999887022121
48.0,0.0124357110611126,Anesth low intestine scope,00810,1356313985,5491.15,48.0,MILLER,0.0124848522199513,1.00395161632473,1.0,15386,BRIAN,CRNA,096179998,2565,APO,AE,PSC 827 BOX 142,-0.316512863357441
364.0,0.619166323808431,Subsequent hospital care,99232,1093782138,19437.5,163.0,DALTON,1.73367936690052,2.80002206230602,2.23313,48081,MARK,Internal Medicine,090420029,26115,APO,AE,CMR 442 BOX 29,-0.326988534928738
19.0,0.0365572187634258,Emergency dept visit,99284,1750361069,1694.62,19.0,YOUNG,0.037767896229949,1.03311732969507,1.0,33037,JAMES,Emergency Medicine,09550-2873,25776,FPO,AE,CVN 73 BOX 67,-0.87686455961004
55.0,0.040606420328467,Emergency dept visit,99283,1023097847,2403.4,55.0,BERGMAN,0.0418548962608648,1.03074577670966,1.0,31668,LYNN,Emergency Medicine,09645,20209,FPO,AE,PSC 819 BOX 18-144,-0.734580167587527
29.0,0.040606420328467,Emergency dept visit,99283,1952364887,1349.9,27.0,FARABAUGH,0.0418548962608648,1.03074577670966,1.07407,31668,ERIC,Emergency Medicine,09587 1714,3427,FPO,AE,USS SHREVEPORT LPD-12,1.03520154351293
22.0,0.0851612096125164,Initial hospital care,99223,1760467492,3496.46,22.0,SLACK,0.0911758918171127,1.0706270170652,1.0,6066,ROBERT,Pulmonary Disease,09180,4493,APO,AE,LANDSTUHL REGIONAL MEDICAL CENTER,-0.77462381401071
49.0,0.0365572187634258,Emergency dept visit,99284,1922081140,4023.18,49.0,LUCAS,0.037767896229949,1.03311732969507,1.0,33037,REBECCA,Emergency Medicine,096170078,25776,APO,AE,PSC 827 BOX 78,-0.87686455961004
20.0,0.423685333971233,Office/outpatient visit est,99213,1790710143,902.4,15.0,CALERO,0.565514113177431,1.33475026826354,1.33333,20118,KELLY,Physician Assistant,09180,6488,APO,AE,LANDSTUHL REGIONAL MEDICAL CENTER,-0.00250549926299319
54.0,0.0984808341531406,Anesth lens surgery,00142,1801957436,2654.33,54.0,KING,0.105318543284997,1.06943187667586,1.0,11238,JOHN,CRNA,09244,6944,APO,AE,USAMEDDAC WUERZBURG UNIT 26610,-0.659255953512104
32.0,0.19439519347719,X-ray exam of lower spine,72100,1295706398,693.81,21.0,VARONE,0.217444635819622,1.11857002187216,1.52381,758,RICKY,Physician Assistant,09636,43,FPO,AE,PSC 836,1.86364464128098
98.0,0.142448153677254,Hospital discharge day,99238,1093782138,5142.94,97.0,DALTON,0.158462172843171,1.11241998406101,1.01031,30717,MARK,Internal Medicine,090420029,20994,APO,AE,CMR 442 BOX 29,-0.644385741205995
42.0,0.144180403621069,Remove impacted ear wax,69210,1407968142,1733.28,42.0,WEBER,0.176265162398226,1.22253203605589,1.0,5582,DAVID,Otolaryngology,09464,5141,APO,AE,PSC 41 BOX 5606,-1.26248450362038
14.0,0.0984808341531406,Anesth lens surgery,00142,1356313985,1516.83,14.0,MILLER,0.105318543284997,1.06943187667586,1.0,11238,BRIAN,CRNA,096179998,6944,APO,AE,PSC 827 BOX 142,-0.659255953512104
38.0,0.597671604532346,Office/outpatient visit est,99212,1093867137,1458.75,32.0,SAUNDERS,0.868313175352278,1.45282655017834,1.1875,19647,SHEREE,Internal Medicine,095741664,9926,FPO,AE,USS IWO JIMA (LHD-7),-0.3055655006855
26.0,0.0260558696139267,Admin influenza virus vac,G0008,1093867137,717.54,26.0,SAUNDERS,0.0262847429159111,1.00878394409304,1.0,35963,SHEREE,Internal Medicine,095741664,13365,FPO,AE,USS IWO JIMA (LHD-7),-0.334184135684527
84.0,0.216232009225006,Chest x-ray,71010,1720235971,636.53,82.0,VAIDYA,0.279924975005899,1.29455845140215,1.02439,23425,NEEL,Diagnostic Radiology,09180,22197,APO,AE,CMR 402 BOX 1234,-0.965145145603268
112.0,0.0984808341531406,Anesth lens surgery,00142,1801880091,6990.22,110.0,MOORE,0.105318543284997,1.06943187667586,1.01818,11238,JENNIFER,CRNA,09617,6657,FPO,AE,PSC 827,-0.486619680020508
12.0,0.138942512234731,Psy dx interview,90801,1174572846,1362.36,12.0,PETERSON,0.145230391109748,1.04525525538501,1.0,11308,MARY,Psychiatry,09180,4584,APO,AE,CMR 402 BOX 1023,-0.311610090967851
11.0,0.102575455194659,Rhythm ecg report,93042,1952364887,66.22,11.0,FARABAUGH,0.105227663202422,1.02585616610455,1.0,3337,ERIC,Emergency Medicine,09587 1714,1945,FPO,AE,USS SHREVEPORT LPD-12,-0.24571643347068
