num_of_services,variation_coefficient_serv_per_bene,service_description,service_billing_code,npi,total_payments,num_of_beneficiaries,nppes_provider_last_org_name,national_stddev_serv_per_bene,national_avg_serv_per_bene,services_per_bene,num_of_providers,nppes_provider_first_name,provider_specialty,nppes_provider_zip,national_rank,nppes_provider_city,nppes_provider_state,nppes_provider_street,stddev_above_avg
388.0,0.6050148245956,Tissue exam by pathologist,88305,1225094055,11551.9,226.0,DAUTERMAN,1.1689539498151,1.93210794561347,1.71681,13598,PHILIP,Pathology,96538,6696,FPO,AP,BOX 9095,-0.184176447070935
22.0,0.124617570795218,Decalcify tissue,88311,1225094055,217.14,21.0,DAUTERMAN,0.139805276041863,1.12187450894548,1.04762,7553,PHILIP,Pathology,96538,5572,FPO,AP,BOX 9095,-0.531134494079248
19.0,0.142848823550394,Critical care first hour,99291,1225028368,3230.08,19.0,GREGORY,0.146227909401061,1.02365497850583,1.0,23177,CARRIE,Emergency Medicine,96278,9410,APO,AP,51ST MEDICAL GROUP,-0.161767877300008
40.0,0.102294707186553,X-ray exam of thigh,73550,1215919634,260.11,36.0,BLEVINS,0.11272225091006,1.10193629768636,1.11111,11405,NISKA,Diagnostic Radiology,96350-1740,3922,FPO,AP,PSC 475 BOX 1740,0.081393569881601
12.0,0.190804119121132,Visual field examination(s),92083,1679557110,814.96,12.0,MARSKE,0.219022235481674,1.14789049885568,1.0,10566,BENJAMIN,Optometry,96368-5267,8328,APO,AP,OPTOMETRY CLINIC/ SGPE,-0.675230524108367
31.0,0.234992971563677,Office/outpatient visit est,99212,1811976483,542.12,29.0,LYNOTT,0.30439218180246,1.29532462088968,1.06897,11611,JOHN,Orthopedic Surgery,96538,9477,FPO,AP,PSC 490 BOX 9005,-0.743642840338168
38.0,0.131612226082437,Blood smear interpretation,85060,1225094055,726.18,32.0,DAUTERMAN,0.14163355079853,1.07614280993785,1.1875,2725,PHILIP,Pathology,96538,223,FPO,AP,BOX 9095,0.786234542834763
19.0,0.26078756167779,Destroy premal lesions 15/>,17004,1386624567,2504.04,18.0,PARLETTE,0.355670601504934,1.36383268901595,1.05556,5400,ERIC,Dermatology,96362,5053,FPO,AP,"PSC 482, BOX 130",-0.866748912238023
36.0,0.438356088364644,Office/outpatient visit est,99214,1154594208,2368.1,34.0,REAGAN,0.634269140309626,1.4469267272547,1.05882,22998,JENNIFER,Nurse Practitioner,96362,17834,FPO,AP,PSC 482,-0.611890311351089
30.0,0.0741576968349961,X-ray exam of lower spine,72110,1215919634,277.84,30.0,BLEVINS,0.075168586599594,1.01363162298375,1.0,14048,NISKA,Diagnostic Radiology,96350-1740,3147,FPO,AP,PSC 475 BOX 1740,-0.181347336705451
69.0,0.0677508442181755,Us guide vascular access,76937,1215919634,761.64,65.0,BLEVINS,0.072281342698188,1.06686999302065,1.06154,3453,NISKA,Diagnostic Radiology,96350-1740,1503,FPO,AP,PSC 475 BOX 1740,-0.0737608759210407
11.0,0.215525197154659,Cptr ophth dx img post segmt,92134,1679557110,358.9,11.0,MARSKE,0.247763589376126,1.14958061816936,1.0,5534,BENJAMIN,Optometry,96368-5267,4269,APO,AP,OPTOMETRY CLINIC/ SGPE,-0.603723164271267
26.0,0.00608601897482742,Eye exam new patient,92004,1679557110,2369.13,26.0,MARSKE,0.00609035740610015,1.00071285207796,1.0,15757,BENJAMIN,Optometry,96368-5267,465,APO,AP,OPTOMETRY CLINIC/ SGPE,-0.117046017242055
72.0,0.0733953650432867,Fluoroguide for vein device,77001,1215919634,1005.79,65.0,BLEVINS,0.078968713881713,1.07593597817981,1.10769,3830,NISKA,Diagnostic Radiology,96350-1740,965,FPO,AP,PSC 475 BOX 1740,0.402138785566983
16.0,0.142848823550394,Critical care first hour,99291,1689820755,2981.44,16.0,COLVIG,0.146227909401061,1.02365497850583,1.0,23177,CAMERON,Emergency Medicine,963629998,9410,FPO,AP,PSC 482,-0.161767877300008
15.0,0.0760286584572244,X-ray exam of forearm,73090,1215919634,74.04,14.0,BLEVINS,0.0798810826259284,1.05067068454024,1.07143,4330,NISKA,Diagnostic Radiology,96350-1740,1247,FPO,AP,PSC 475 BOX 1740,0.259859432873941
23.0,0.169440350375776,Urinalysis auto w/scope,81001,1083605026,99.96,21.0,HOLLOWAY,0.202780924299239,1.19676879709894,1.09524,910,ELLEN,Physician Assistant,963100014,563,FPO,AP,PSC 561 BOX 1338,-0.500691610359001
25.0,0.040606420328467,Emergency dept visit,99283,1689820755,1205.24,25.0,COLVIG,0.0418548962608648,1.03074577670966,1.0,31668,CAMERON,Emergency Medicine,963629998,20209,FPO,AP,PSC 482,-0.734580167587527
83.0,0.128405511334357,Echo guide for biopsy,76942,1215919634,2082.24,72.0,BLEVINS,0.139924564174888,1.08970839896845,1.15278,9576,NISKA,Diagnostic Radiology,96350-1740,1783,FPO,AP,PSC 475 BOX 1740,0.450738527768229
19.0,0.415921033945263,Mod cs by same phys add-on,99145,1215919634,139.84,11.0,BLEVINS,0.902900610221806,2.170846234097,1.72727,569,NISKA,Diagnostic Radiology,96350-1740,377,FPO,AP,PSC 475 BOX 1740,-0.491276094099539
78.0,0.172504478652101,Cytopath fl nongyn smears,88104,1225094055,1767.61,45.0,DAUTERMAN,0.206096308781643,1.19473019130876,1.73333,1712,PHILIP,Pathology,96538,45,FPO,AP,BOX 9095,2.61335664429483
43.0,0.0631062567082803,X-ray exam of thoracic spine,72070,1215919634,335.79,43.0,BLEVINS,0.0642305846425763,1.0178164257071,1.0,6240,NISKA,Diagnostic Radiology,96350-1740,1344,FPO,AP,PSC 475 BOX 1740,-0.277382275223535
658.0,0.779055483120585,Neuromuscular reeducation,97112,1679553119,15052.0,46.0,JENSEN,6.14944291490158,7.89345951365282,14.3043,15855,ARDEN,Physical Therapist,96362,1662,FPO,AP,PSC 482,1.04251532488503
29.0,0.0336797314708115,Emergency dept visit,99285,1699974675,3844.53,29.0,ASH,0.0350592234411451,1.040959114283,1.0,32517,ADAM,Emergency Medicine,962055244,28748,APO,AP,UNIT 15244,-1.16828355744265
66.0,0.463323484382862,Office/outpatient visit est,99213,1154594208,2949.4,58.0,REAGAN,0.669629063277442,1.44527330439418,1.13793,26609,JENNIFER,Nurse Practitioner,96362,17443,FPO,AP,PSC 482,-0.458973978256667
18.0,0.0323185103708953,Needle biopsy of liver,47000,1215919634,1309.06,18.0,BLEVINS,0.0327880147253385,1.01452741320856,1.0,1105,NISKA,Diagnostic Radiology,96350-1740,224,FPO,AP,PSC 475 BOX 1740,-0.443070839459319
19.0,0.0405574405980811,N block inj fem single,64447,1518946672,712.72,19.0,DI SCALA,0.0412126669507081,1.01615551531272,1.0,2786,BRUNO,Anesthesiology,963629998,649,FPO,AP,PSC 482,-0.392003636455831
45.0,0.00243615855853226,Office/outpatient visit new,99202,1386624567,2426.81,45.0,PARLETTE,0.00243659437128891,1.00017889342839,1.0,7495,ERIC,Dermatology,96362,104,FPO,AP,"PSC 482, BOX 130",-0.0734194540136787
13.0,0.352348656791981,Routine venipuncture,36415,1083605026,39.0,12.0,HOLLOWAY,0.49093458953485,1.39332045140926,1.08333,4856,ELLEN,Physician Assistant,963100014,3503,FPO,AP,PSC 561 BOX 1338,-0.631422362464225
27.0,0.0664520232825646,Ct head/brain w/o dye,70450,1215919634,794.52,27.0,BLEVINS,0.0695159784610531,1.04610777862188,1.0,22764,NISKA,Diagnostic Radiology,96350-1740,17643,FPO,AP,PSC 475 BOX 1740,-0.663268785718275
44.0,0.212971602279305,Anesth nerve block/inj,01991,1215917893,3190.44,43.0,AHN,0.24475038103795,1.1492160382818,1.02326,183,IK,Anesthesiology,96538,124,FPO,AP,"PSC 490, BOX 9095",-0.514647669617089
1328.0,0.657392875997256,Therapeutic exercises,97110,1679553119,27851.6,60.0,JENSEN,9.90112847475707,15.061204397351,22.1333,35353,ARDEN,Physical Therapist,96362,6383,FPO,AP,PSC 482,0.714275027019011
13.0,0.0371081043917794,Percut bx lung/mediastinum,32405,1215919634,1022.06,13.0,BLEVINS,0.0378253638044115,1.01932891545899,1.0,1573,NISKA,Diagnostic Radiology,96350-1740,455,FPO,AP,PSC 475 BOX 1740,-0.511004086013186
21.0,0.402576700813404,Abd paracentesis w/imaging,49083,1215919634,1737.96,17.0,BLEVINS,0.668388170365273,1.66027534384081,1.23529,2536,NISKA,Diagnostic Radiology,96350-1740,1906,FPO,AP,PSC 475 BOX 1740,-0.635829984821723
15.0,0.129596290771372,N block inj sciatic sng,64445,1518946672,884.1,15.0,DI SCALA,0.133402585467849,1.02937039844136,1.0,1072,BRUNO,Anesthesiology,963629998,283,FPO,AP,PSC 482,-0.220163637296489
43.0,0.0365572187634258,Emergency dept visit,99284,1689820755,4092.02,42.0,COLVIG,0.037767896229949,1.03311732969507,1.02381,33037,CAMERON,Emergency Medicine,963629998,16602,FPO,AP,PSC 482,-0.24644680883769
35.0,0.0700796493938093,Us exam abdo back wall comp,76770,1215919634,922.91,35.0,BLEVINS,0.0712016348522597,1.01601014657116,1.0,17827,NISKA,Diagnostic Radiology,96350-1740,5690,FPO,AP,PSC 475 BOX 1740,-0.224856446124881
36.0,0.0885481401351375,X-ray exam of lower leg,73590,1215919634,217.14,31.0,BLEVINS,0.096678484543058,1.09181835322021,1.16129,10988,NISKA,Diagnostic Radiology,96350-1740,1901,FPO,AP,PSC 475 BOX 1740,0.718587336982389
13.0,0.0266375841542637,Anesth surgery of shoulder,01630,1215917893,2734.73,13.0,AHN,0.0268461298290729,1.00782900106862,1.0,1867,IK,Anesthesiology,96538,228,FPO,AP,"PSC 490, BOX 9095",-0.291624942532445
12.0,0.0212570505741266,Anesth surg upper abdomen,00790,1518946672,2975.66,12.0,DI SCALA,0.0214054960366764,1.00698335180754,1.0,10482,BRUNO,Anesthesiology,963629998,1312,FPO,AP,PSC 482,-0.326241064237591
15.0,0.0778166879133222,X-ray exam of elbow,73080,1215919634,98.7,15.0,BLEVINS,0.0815562360648692,1.04805586374625,1.0,7104,NISKA,Diagnostic Radiology,96350-1740,3439,FPO,AP,PSC 475 BOX 1740,-0.589235919470654
24.0,0.0558956568787189,Insert tunneled cv cath,36558,1215919634,5206.56,23.0,BLEVINS,0.0584080671675276,1.04494822011413,1.04348,1717,NISKA,Diagnostic Radiology,96350-1740,716,FPO,AP,PSC 475 BOX 1740,-0.0251672359980152
44.0,0.0283323841270109,Anesth upper gi visualize,00740,1891851853,4749.83,44.0,HERMSTAD,0.0287347183639555,1.01420050762904,1.0,17101,KIRSTEN,CRNA,96205,5443,APO,AP,121 CSH,-0.494193381302002
30.0,0.102402132376836,Mod cs by same phys 5 yrs +,99144,1215919634,809.4,26.0,BLEVINS,0.109389798271651,1.06823750377678,1.15385,1464,NISKA,Diagnostic Radiology,96350-1740,161,FPO,AP,PSC 475 BOX 1740,0.782601689115734
13.0,0.0681338870104216,Ct abd & pelv w/contrast,74177,1215919634,843.9,12.0,BLEVINS,0.070105953599234,1.02894399065344,1.08333,23058,NISKA,Diagnostic Radiology,96350-1740,1313,FPO,AP,PSC 475 BOX 1740,0.775816883217088
36.0,0.241268914934172,Echo guide for biopsy,76942,1518946672,948.24,36.0,DI SCALA,0.255558948464138,1.05922865585011,1.0,5315,BRUNO,Anesthesiology,963629998,1720,FPO,AP,PSC 482,-0.231761228499596
119.0,0.0124357110611126,Anesth low intestine scope,00810,1891851853,12637.1,119.0,HERMSTAD,0.0124848522199513,1.00395161632473,1.0,15386,KIRSTEN,CRNA,96205,2565,APO,AP,121 CSH,-0.316512863357441
24.0,0.0244417065804843,Anesth surg lower abdomen,00840,1215917893,7587.96,24.0,AHN,0.0246318005080169,1.0077774408635,1.0,3400,IK,Anesthesiology,96538,373,FPO,AP,"PSC 490, BOX 9095",-0.315747964139522
21.0,0.135091542665307,Thoracentesis w/tube insert,32422,1215919634,1925.88,18.0,BLEVINS,0.153475432315534,1.13608468219046,1.16667,2216,NISKA,Diagnostic Radiology,96350-1740,632,FPO,AP,PSC 475 BOX 1740,0.199262802380652
61.0,0.0881653778385424,Pt evaluation,97001,1679553119,2988.84,57.0,JENSEN,0.0951368546458605,1.0790727264855,1.07018,33054,ARDEN,Physical Therapist,96362,15406,FPO,AP,PSC 482,-0.0935212458053738
14.0,0.0563025264376807,Ct maxillofacial w/o dye,70486,1215919634,574.24,13.0,BLEVINS,0.05695348911952,1.01156187338342,1.07692,12649,NISKA,Diagnostic Radiology,96350-1740,331,FPO,AP,PSC 475 BOX 1740,1.14762518626666
84.0,0.120276152525593,X-ray exam of foot,73630,1215919634,481.84,73.0,BLEVINS,0.134932498265733,1.12185579129679,1.15068,20040,NISKA,Diagnostic Radiology,96350-1740,5457,FPO,AP,PSC 475 BOX 1740,0.213656174825562
12.0,0.0611951114577527,Percut kyphoplasty lumbar,22524,1215919634,4324.44,11.0,BLEVINS,0.0644346553797909,1.05293795280159,1.09091,192,NISKA,Diagnostic Radiology,96350-1740,36,FPO,AP,PSC 475 BOX 1740,0.589297333792202
15.0,0.0503312454982387,Anesth bladder surgery,00910,1215917893,1413.03,15.0,AHN,0.0518446016514726,1.03006792576367,1.0,4976,IK,Anesthesiology,96538,1792,FPO,AP,"PSC 490, BOX 9095",-0.579962518871294
37.0,0.0751136344280534,Ct thorax w/o dye,71250,1215919634,1266.66,37.0,BLEVINS,0.0774462308486621,1.03105423453904,1.0,21521,NISKA,Diagnostic Radiology,96350-1740,11601,FPO,AP,PSC 475 BOX 1740,-0.400977997234313
16.0,0.146359325819482,X-ray exam of pelvis,72190,1215919634,137.92,14.0,BLEVINS,0.15839903641394,1.08226131493191,1.14286,583,NISKA,Diagnostic Radiology,96350-1740,103,FPO,AP,PSC 475 BOX 1740,0.382552068413972
16.0,0.0640857159372112,Vascular study,93976,1215919634,734.24,16.0,BLEVINS,0.0651807024795074,1.01708628087059,1.0,2153,NISKA,Diagnostic Radiology,96350-1740,490,FPO,AP,PSC 475 BOX 1740,-0.262137108386713
41.0,0.0725973488683955,Anesth anorectal surgery,00902,1215917893,6095.43,41.0,AHN,0.0742749631296901,1.02310847830457,1.0,529,IK,Anesthesiology,96538,116,FPO,AP,"PSC 490, BOX 9095",-0.311120697080925
47.0,0.250739411442,X-ray exam of hand,73120,1215919634,253.66,33.0,BLEVINS,0.365845703764031,1.45906741050422,1.42424,1329,NISKA,Diagnostic Radiology,96350-1740,672,FPO,AP,PSC 475 BOX 1740,-0.0951904938741334
19.0,0.0701231711980558,Ct scan for needle biopsy,77012,1215919634,819.66,19.0,BLEVINS,0.0727912864839599,1.03804898210277,1.0,4377,NISKA,Diagnostic Radiology,96350-1740,2141,FPO,AP,PSC 475 BOX 1740,-0.522713417232313
19.0,0.0918278816522324,Vascular study,93975,1215919634,1128.22,19.0,BLEVINS,0.0946758824099039,1.03101455360211,1.0,1762,NISKA,Diagnostic Radiology,96350-1740,587,FPO,AP,PSC 475 BOX 1740,-0.327586633603618
196.0,0.669752467276364,Manual therapy,97140,1679553119,3739.18,36.0,JENSEN,6.34713137516451,9.47683164345172,5.44444,30484,ARDEN,Physical Therapist,96362,22778,FPO,AP,PSC 482,-0.635308574651196
12.0,0.056023640220243,Ct angiography neck,70498,1215919634,695.64,12.0,BLEVINS,0.0565922209862825,1.01014894362102,1.0,4611,NISKA,Diagnostic Radiology,96350-1740,808,FPO,AP,PSC 475 BOX 1740,-0.179334605430662
13.0,0.405432406551036,Office/outpatient visit est,99214,1083605026,688.69,13.0,HOLLOWAY,0.532712558362157,1.31393679872282,1.0,14818,ELLEN,Physician Assistant,963100014,12073,FPO,AP,PSC 561 BOX 1338,-0.589317435444039
29.0,0.352822838123238,Drain/inject joint/bursa,20610,1811976483,1053.09,26.0,LYNOTT,0.620648665036572,1.75909436117564,1.11538,16498,JOHN,Orthopedic Surgery,96538,15484,FPO,AP,PSC 490 BOX 9005,-1.03715647633411
29.0,0.666553674816639,Nursing fac care subseq,99308,1265421143,1544.54,15.0,PIOVESAN,2.21939993549842,3.3296642406314,1.93333,255,NATHAN,General Surgery,96328,179,APO,AP,374 MDOS SGOSG,-0.629147969500816
25.0,0.0925952920530967,X-ray exam of knees,73565,1215919634,165.66,25.0,BLEVINS,0.0949711191475815,1.02565818457727,1.0,809,NISKA,Diagnostic Radiology,96350-1740,209,FPO,AP,PSC 475 BOX 1740,-0.270168287028401
165.0,0.110585190393936,X-ray exam of abdomen,74000,1215919634,1056.44,149.0,BLEVINS,0.123629542628367,1.11795749673137,1.10738,21869,NISKA,Diagnostic Radiology,96350-1740,9253,FPO,AP,PSC 475 BOX 1740,-0.0855374902478933
116.0,0.0336797314708115,Emergency dept visit,99285,1225028368,15353.9,115.0,GREGORY,0.0350592234411451,1.040959114283,1.0087,32517,CARRIE,Emergency Medicine,96278,27634,APO,AP,51ST MEDICAL GROUP,-0.920257458644723
51.0,0.555795096497711,Subsequent hospital care,99232,1811976483,2744.96,45.0,LYNOTT,0.755245144423643,1.358855357276,1.13333,1441,JOHN,Orthopedic Surgery,96538,674,FPO,AP,PSC 490 BOX 9005,-0.298607721684927
13.0,0.054820522849818,Anesth skin ext/per/atrunk,00400,1518946672,1670.09,12.0,DI SCALA,0.0561545419952262,1.02433430175525,1.08333,7302,BRUNO,Anesthesiology,963629998,619,FPO,AP,PSC 482,1.05065537387031
45.0,0.0744378179933898,X-ray exam of neck spine,72050,1215919634,483.2,45.0,BLEVINS,0.0753943468299002,1.01285003862681,1.0,10558,NISKA,Diagnostic Radiology,96350-1740,1490,FPO,AP,PSC 475 BOX 1740,-0.170437694165586
64.0,0.105403938442405,X-ray exam of ankle,73610,1215919634,401.38,58.0,BLEVINS,0.1156222463488,1.09694427036974,1.10345,17090,NISKA,Diagnostic Radiology,96350-1740,5737,FPO,AP,PSC 475 BOX 1740,0.0562521624259311
15.0,0.0973164110417059,X-rays bone survey complete,77075,1215919634,308.7,13.0,BLEVINS,0.100292205534919,1.03057854745524,1.15385,594,NISKA,Diagnostic Radiology,96350-1740,22,FPO,AP,PSC 475 BOX 1740,1.22908451921566
242.0,0.0336797314708115,Emergency dept visit,99285,1689820755,34568.0,237.0,COLVIG,0.0350592234411451,1.040959114283,1.0211,32517,CAMERON,Emergency Medicine,963629998,22444,FPO,AP,PSC 482,-0.566528528451047
22.0,0.183113677572836,Fluoroguide for spine inject,77003,1215919634,510.62,20.0,BLEVINS,0.207081758105878,1.13089180912501,1.1,1944,NISKA,Diagnostic Radiology,96350-1740,713,FPO,AP,PSC 475 BOX 1740,-0.149176757845339
198.0,0.431400621955461,Destruct premalg les 2-14,17003,1386624567,1168.93,41.0,PARLETTE,2.42237128551389,5.61513164847496,4.82927,9699,ERIC,Dermatology,96362,6273,FPO,AP,"PSC 482, BOX 130",-0.324418968169396
68.0,0.0793990055104221,X-ray exam of lower spine,72100,1215919634,559.47,67.0,BLEVINS,0.0816329705523934,1.02813593227787,1.01493,19883,NISKA,Diagnostic Radiology,96350-1740,7579,FPO,AP,PSC 475 BOX 1740,-0.161828872682781
137.0,0.0931487026833509,Office/outpatient visit new,99203,1386624567,10949.1,137.0,PARLETTE,0.0932706274046537,1.00130892559736,1.0,7829,ERIC,Dermatology,96362,136,FPO,AP,"PSC 482, BOX 130",-0.0140336313132903
93.0,0.535346913017572,Elec stim other than wound,G0283,1679553119,801.85,38.0,JENSEN,3.46541709409091,6.4732176647055,2.44737,16350,ARDEN,Physical Therapist,96362,15049,FPO,AP,PSC 482,-1.16172142399904
17.0,0.0702258338662657,Intmd wnd repair s/a/t/ext,12031,1386624567,2222.39,16.0,PARLETTE,0.0736904824037291,1.04933581200419,1.0625,691,ERIC,Dermatology,96362,217,FPO,AP,"PSC 482, BOX 130",0.178641631407547
12.0,0.139345185817903,Needle localization by xray,77002,1215919634,241.73,12.0,BLEVINS,0.151845053589806,1.08970433889433,1.0,2150,NISKA,Diagnostic Radiology,96350-1740,1346,FPO,AP,PSC 475 BOX 1740,-0.590762338144128
27.0,0.0837933350419119,Ct soft tissue neck w/dye,70491,1215919634,1373.61,27.0,BLEVINS,0.0866096760929635,1.03361056162334,1.0,5590,NISKA,Diagnostic Radiology,96350-1740,2040,FPO,AP,PSC 475 BOX 1740,-0.388069360602005
12.0,0.059826482750749,Total hip arthroplasty,27130,1922010834,2468.88,12.0,YIM,0.0618219387251274,1.03335405797951,1.0,3699,DUKE,Orthopedic Surgery,962055244,1796,APO,AP,"121 CSH, UNIT 15244 BOX 814",-0.539518149500377
18.0,0.0225698012680568,Anesth knee joint surgery,01400,1215917893,2999.18,18.0,AHN,0.0227438158052708,1.00771006067565,1.0,2734,IK,Anesthesiology,96538,355,FPO,AP,"PSC 490, BOX 9095",-0.338995916149716
62.0,0.140481945910776,X-ray exam knee 4 or more,73564,1215919634,497.59,49.0,BLEVINS,0.165865185523767,1.18068684519157,1.26531,10472,NISKA,Diagnostic Radiology,96350-1740,2005,FPO,AP,PSC 475 BOX 1740,0.51016896458213
332.0,0.216232009225006,Chest x-ray,71010,1215919634,2202.06,282.0,BLEVINS,0.279924975005899,1.29455845140215,1.1773,23425,NISKA,Diagnostic Radiology,96350-1740,14256,FPO,AP,PSC 475 BOX 1740,-0.41887462260429
18.0,0.0542359593255561,Bone imaging whole body,78306,1215919634,544.0,18.0,BLEVINS,0.0552858827150327,1.01935843677392,1.0,7989,NISKA,Diagnostic Radiology,96350-1740,2571,FPO,AP,PSC 475 BOX 1740,-0.350151536400352
38.0,0.0189346842857032,Anesth hip arthroplasty,01214,1215917893,11054.5,38.0,AHN,0.0190329848744629,1.00519156207077,1.0,2203,IK,Anesthesiology,96538,193,FPO,AP,"PSC 490, BOX 9095",-0.272766573662266
31.0,0.100213404726105,X-ray exam of humerus,73060,1215919634,198.07,28.0,BLEVINS,0.107333519840339,1.07104952809151,1.10714,7206,NISKA,Diagnostic Radiology,96350-1740,1555,FPO,AP,PSC 475 BOX 1740,0.336272191719253
19.0,0.0650793537622841,X-ray exam of ribs,71100,1215919634,141.45,19.0,BLEVINS,0.0662466448403816,1.01793642700205,1.0,5763,NISKA,Diagnostic Radiology,96350-1740,1338,FPO,AP,PSC 475 BOX 1740,-0.270752232739679
21.0,0.0972084131648484,Ct sft tsue nck w/o & w/dye,70492,1215919634,1067.53,18.0,BLEVINS,0.100292280444025,1.03172428371963,1.16667,293,NISKA,Diagnostic Radiology,96350-1740,12,FPO,AP,PSC 475 BOX 1740,1.34549082554682
26.0,0.336554527146751,Hosp manage cont drug admin,01996,1518946672,1328.6,21.0,DI SCALA,0.453556124441003,1.34764529327884,1.2381,2453,BRUNO,Anesthesiology,963629998,1030,FPO,AP,PSC 482,-0.241535730347712
16.0,0.0221289016888455,Thoracoscopy lymph node exc,32674,1891727913,2810.56,16.0,CARR,0.0223098421107677,1.00817665623294,1.0,144,SHAMUS,Thoracic Surgery,96538,23,FPO,AP,BOX 9095,-0.366504441956285
30.0,0.0489500344121453,Us exam abdo back wall lim,76775,1215919634,564.44,30.0,BLEVINS,0.0496057045476487,1.01339468180927,1.0,10388,NISKA,Diagnostic Radiology,96350-1740,3021,FPO,AP,PSC 475 BOX 1740,-0.270023013107312
88.0,0.0758341463682671,Electrocardiogram report,93010,1225028368,591.65,88.0,GREGORY,0.0814819679442487,1.07447596955275,1.0,17374,CARRIE,Emergency Medicine,96278,15319,APO,AP,51ST MEDICAL GROUP,-0.914017805800966
15.0,0.0189346842857032,Anesth hip arthroplasty,01214,1518946672,3747.66,15.0,DI SCALA,0.0190329848744629,1.00519156207077,1.0,2203,BRUNO,Anesthesiology,963629998,193,FPO,AP,PSC 482,-0.272766573662266
12.0,0.0197749950981309,Thoracoscopy w/lobectomy,32663,1891727913,13680.1,12.0,CARR,0.0198881212738927,1.00572066770183,1.0,139,SHAMUS,Thoracic Surgery,96538,14,FPO,AP,BOX 9095,-0.287642438571634
12.0,0.0749061552568945,Ct thorax w/dye,71260,1215919634,481.53,11.0,BLEVINS,0.0775467668286128,1.03525226415189,1.09091,21784,NISKA,Diagnostic Radiology,96350-1740,1814,FPO,AP,PSC 475 BOX 1740,0.717719919798032
14.0,0.0627850722890436,Ct angiography head,70496,1215919634,795.01,14.0,BLEVINS,0.0636260793428501,1.01339501609451,1.0,3689,NISKA,Diagnostic Radiology,96350-1740,831,FPO,AP,PSC 475 BOX 1740,-0.210527133415332
37.0,0.0216339792932651,Anesth knee arthroplasty,01402,1215917893,10347.4,37.0,AHN,0.0218041681635883,1.00786673907819,1.0,6954,IK,Anesthesiology,96538,1075,FPO,AP,"PSC 490, BOX 9095",-0.360790607519336
14.0,0.202008058946953,Urinalysis auto w/o scope,81003,1154594208,44.52,11.0,REAGAN,0.246328954419788,1.21940162042978,1.27273,2867,JENNIFER,Nurse Practitioner,96362,791,FPO,AP,PSC 482,0.216481374464015
35.0,0.0721756239624881,Ct abd & pelv 1/> regns,74178,1215919634,2572.63,35.0,BLEVINS,0.073472012163864,1.01796157941149,1.0,12777,NISKA,Diagnostic Radiology,96350-1740,3467,FPO,AP,PSC 475 BOX 1740,-0.244468320418768
17.0,0.343542283241517,Office/outpatient visit est,99214,1891727913,981.96,17.0,CARR,0.422621470157516,1.23018763853416,1.0,717,SHAMUS,Thoracic Surgery,96538,579,FPO,AP,BOX 9095,-0.544666219745933
20.0,0.0811656267682276,Insertion catheter artery,36620,1518946672,816.4,18.0,DI SCALA,0.0824400022239128,1.01570092545856,1.11111,11999,BRUNO,Anesthesiology,963629998,195,FPO,AP,PSC 482,1.15732940393812
27.0,0.219039136603506,Office/outpatient visit est,99214,1679557110,2232.9,27.0,MARSKE,0.247318784782283,1.1291077412799,1.0,7780,BENJAMIN,Optometry,96368-5267,5590,APO,AP,OPTOMETRY CLINIC/ SGPE,-0.522029660599985
22.0,0.182172058572761,Destruct b9 lesion 1-14,17110,1386624567,1923.91,22.0,PARLETTE,0.220829024982716,1.21220030510066,1.0,7894,ERIC,Dermatology,96362,7475,FPO,AP,"PSC 482, BOX 130",-0.960925789158696
32.0,0.0530299866109453,Insert picc cath,36569,1215919634,2152.59,31.0,BLEVINS,0.0555830332511715,1.04814345247636,1.03226,2708,NISKA,Diagnostic Radiology,96350-1740,1449,FPO,AP,PSC 475 BOX 1740,-0.285796182661318
13.0,0.0216339792932651,Anesth knee arthroplasty,01402,1518946672,3398.42,13.0,DI SCALA,0.0218041681635883,1.00786673907819,1.0,6954,BRUNO,Anesthesiology,963629998,1075,FPO,AP,PSC 482,-0.360790607519336
11.0,0.17828774000142,Cmptr ophth img optic nerve,92133,1679557110,306.73,11.0,MARSKE,0.19717300780872,1.10592577934495,1.0,8301,BENJAMIN,Optometry,96368-5267,5610,APO,AP,OPTOMETRY CLINIC/ SGPE,-0.537222516013496
13.0,0.257131216826319,Office/outpatient visit est,99212,1679557110,373.78,13.0,MARSKE,0.33653564118664,1.30880896275599,1.0,7098,BENJAMIN,Optometry,96368-5267,6521,APO,AP,OPTOMETRY CLINIC/ SGPE,-0.917611465065383
93.0,0.130629797071876,Biopsy skin lesion,11100,1386624567,7343.16,90.0,PARLETTE,0.153485030510083,1.17496186896495,1.03333,9972,ERIC,Dermatology,96362,9019,FPO,AP,"PSC 482, BOX 130",-0.922751664772009
40.0,0.208660428363913,X-ray exam of wrist,73100,1215919634,259.37,28.0,BLEVINS,0.256929524881177,1.23132846460509,1.42857,1543,NISKA,Diagnostic Radiology,96350-1740,236,FPO,AP,PSC 475 BOX 1740,0.767693001095737
14.0,0.406331797178454,Office/outpatient visit est,99212,1801086129,190.35,14.0,OXNER,0.576888580794368,1.41974756787495,1.0,9050,CHRISTOPHER,General Surgery,963623099,8433,FPO,AP,PSC 482 BOX 3000,-0.727605956937063
35.0,0.250855439204264,Office/outpatient visit est,99213,1386624567,1885.14,33.0,PARLETTE,0.364729072016756,1.45394125466727,1.06061,10373,ERIC,Dermatology,96362,9892,FPO,AP,"PSC 482, BOX 130",-1.07843131254857
17.0,0.0365572187634258,Emergency dept visit,99284,1699974675,1536.8,17.0,ASH,0.037767896229949,1.03311732969507,1.0,33037,ADAM,Emergency Medicine,962055244,25776,APO,AP,UNIT 15244,-0.87686455961004
48.0,0.124256073908497,X-ray exam of wrist,73110,1215919634,302.68,40.0,BLEVINS,0.138205968165313,1.1122673026599,1.2,14892,NISKA,Diagnostic Radiology,96350-1740,2177,FPO,AP,PSC 475 BOX 1740,0.634797079955871
73.0,0.136215360251992,X-ray exam of knee 1 or 2,73560,1215919634,476.38,60.0,BLEVINS,0.159794966804357,1.17310534222237,1.21667,16366,NISKA,Diagnostic Radiology,96350-1740,4404,FPO,AP,PSC 475 BOX 1740,0.27260781177654
25.0,0.195739791321662,Perq verte/sacroplsty fluor,72291,1215919634,1373.0,17.0,BLEVINS,0.258298632399801,1.31960206279843,1.47059,644,NISKA,Diagnostic Radiology,96350-1740,137,FPO,AP,PSC 475 BOX 1740,0.584541013801181
63.0,0.0624312557113923,Echo exam of abdomen,76705,1215919634,1303.38,62.0,BLEVINS,0.0635778264051229,1.01836533128584,1.01613,17368,NISKA,Diagnostic Radiology,96350-1740,5265,FPO,AP,PSC 475 BOX 1740,-0.0351744395186958
24.0,0.463323484382862,Office/outpatient visit est,99213,1073799219,1104.92,19.0,PARKE,0.669629063277442,1.44527330439418,1.26316,26609,CAROLYN,Nurse Practitioner,96368,12731,APO,AP,18 MDG/SGHQ,-0.271964688867251
84.0,0.102575455194659,Rhythm ecg report,93042,1689820755,513.24,83.0,COLVIG,0.105227663202422,1.02585616610455,1.01205,3337,CAMERON,Emergency Medicine,963629998,1725,FPO,AP,PSC 482,-0.131219502629009
120.0,0.12784371992154,Mohs 1 stage h/n/hf/g,17311,1386624567,49954.7,110.0,PARLETTE,0.163486528818133,1.27879984185745,1.09091,2124,ERIC,Dermatology,96362,1978,FPO,AP,"PSC 482, BOX 130",-1.14927339760054
29.0,0.0365572187634258,Emergency dept visit,99284,1225028368,2606.33,29.0,GREGORY,0.037767896229949,1.03311732969507,1.0,33037,CARRIE,Emergency Medicine,96278,25776,APO,AP,51ST MEDICAL GROUP,-0.87686455961004
164.0,0.280228669966711,Office/outpatient visit est,99213,1679557110,7641.27,135.0,MARSKE,0.372074379755823,1.32775272351691,1.21481,13475,BENJAMIN,Optometry,96368-5267,7592,APO,AP,OPTOMETRY CLINIC/ SGPE,-0.303535925930699
227.0,0.0968702337751036,Chest x-ray,71020,1215919634,1714.28,218.0,BLEVINS,0.102712820100238,1.06031353592786,1.04128,31643,NISKA,Diagnostic Radiology,96350-1740,13777,FPO,AP,PSC 475 BOX 1740,-0.185265032752017
16.0,0.0838022151169094,Intmd wnd repair s/a/t/ext,12032,1386624567,2750.35,16.0,PARLETTE,0.0913997360680204,1.09066014472901,1.0,3113,ERIC,Dermatology,96362,2373,FPO,AP,"PSC 482, BOX 130",-0.991908167672868
41.0,0.153451586420107,X-ray exam of ankle,73600,1215919634,227.16,26.0,BLEVINS,0.177128394750208,1.15429497265203,1.57692,1478,NISKA,Diagnostic Radiology,96350-1740,45,FPO,AP,PSC 475 BOX 1740,2.38599892403883
91.0,0.222543840130111,Mohs addl stage,17312,1386624567,28323.5,59.0,PARLETTE,0.359804554681433,1.61678056094957,1.54237,2001,ERIC,Dermatology,96362,1040,FPO,AP,"PSC 482, BOX 130",-0.206800434346693
46.0,0.50984976967369,Closure of split wound,12021,1265421143,4040.54,13.0,PIOVESAN,1.6477744360292,3.23188227991904,3.53846,31,NATHAN,General Surgery,96328,13,APO,AP,374 MDOS SGOSG,0.186056513646272
15.0,0.00345468418385443,Office/outpatient visit new,99203,1811976483,882.9,15.0,LYNOTT,0.00345596093088471,1.0003695698253,1.0,16690,JOHN,Orthopedic Surgery,96538,405,FPO,AP,PSC 490 BOX 9005,-0.106936922230439
12.0,0.274542625734071,Office/outpatient visit est,99214,1811976483,717.84,12.0,LYNOTT,0.336576600576324,1.22595389213747,1.0,13823,JOHN,Orthopedic Surgery,96538,11316,FPO,AP,PSC 490 BOX 9005,-0.671329770847306
166.0,0.0687154417202495,X-ray exam of pelvis,72170,1215919634,1054.5,151.0,BLEVINS,0.0709896705017245,1.03309632776187,1.09934,19018,NISKA,Diagnostic Radiology,96350-1740,1314,FPO,AP,PSC 475 BOX 1740,0.933112786678379
192.0,0.475912688899035,Closure of split wound,12020,1265421143,34619.7,26.0,PIOVESAN,3.41188672587416,7.1691442683891,7.38462,27,NATHAN,General Surgery,96328,14,APO,AP,374 MDOS SGOSG,0.0631530792836796
22.0,0.0843456107831414,X-ray exam of neck spine,72040,1215919634,190.43,22.0,BLEVINS,0.0876387720328428,1.03904365881194,1.0,9583,NISKA,Diagnostic Radiology,96350-1740,3777,FPO,AP,PSC 475 BOX 1740,-0.445506685069766
48.0,0.00194409581071136,Office/outpatient visit new,99204,1891727913,4559.2,48.0,CARR,0.00194430381513775,1.00010699288854,1.0,771,SHAMUS,Thoracic Surgery,96538,4,FPO,AP,BOX 9095,-0.0550288939981029
13.0,0.0527794294858186,Ct soft tissue neck w/o dye,70490,1215919634,619.27,12.0,BLEVINS,0.0541203852662433,1.02540678808938,1.08333,804,NISKA,Diagnostic Radiology,96350-1740,78,FPO,AP,PSC 475 BOX 1740,1.07032839281194
45.0,0.406258839027674,Office/outpatient visit est,99213,1891727913,1701.57,33.0,CARR,0.534672180492445,1.3160875016827,1.36364,1046,SHAMUS,Thoracic Surgery,96538,275,FPO,AP,BOX 9095,0.0889308898530705
111.0,0.284414805420845,Office/outpatient visit est,99213,1811976483,4203.95,82.0,LYNOTT,0.430673098220504,1.51424289457521,1.35366,19671,JOHN,Orthopedic Surgery,96538,12115,FPO,AP,PSC 490 BOX 9005,-0.372868280606693
12.0,0.0731421204674956,Total knee arthroplasty,27447,1922010834,2546.4,12.0,YIM,0.0770355585855633,1.05323113540026,1.0,6962,DUKE,Orthopedic Surgery,962055244,4547,APO,AP,"121 CSH, UNIT 15244 BOX 814",-0.690994345697388
144.0,0.0920957699276798,X-ray exam of hip,73510,1215919634,1077.94,128.0,BLEVINS,0.0987070963286575,1.07178751430353,1.125,22220,NISKA,Diagnostic Radiology,96350-1740,3666,FPO,AP,PSC 475 BOX 1740,0.539094833863776
146.0,0.09666211076613,X-ray exam of shoulder,73030,1215919634,1004.15,125.0,BLEVINS,0.105633620247372,1.09281309305306,1.168,21341,NISKA,Diagnostic Radiology,96350-1740,2406,FPO,AP,PSC 475 BOX 1740,0.711770453428837
13.0,0.0733411404900886,Surgical path gross,88300,1225094055,47.07,12.0,DAUTERMAN,0.0779505017317371,1.06284823512216,1.08333,4564,PHILIP,Pathology,96538,1172,FPO,AP,BOX 9095,0.262796742708609
21.0,0.0584053296157206,Ct abd & pelvis,74176,1215919634,1359.33,21.0,BLEVINS,0.0598813845146275,1.02527260626074,1.0,22797,NISKA,Diagnostic Radiology,96350-1740,13099,FPO,AP,PSC 475 BOX 1740,-0.422044454475956
35.0,0.0859445442338991,Repair of wound or lesion,13132,1386624567,8520.15,34.0,PARLETTE,0.0944307749531491,1.09874077284248,1.02941,2168,ERIC,Dermatology,96362,1680,FPO,AP,"PSC 482, BOX 130",-0.734177815672392
13.0,0.0479348215393169,Skin tissue rearrangement,14061,1386624567,10562.1,13.0,PARLETTE,0.0490538522992706,1.02334484043162,1.0,467,ERIC,Dermatology,96362,166,FPO,AP,"PSC 482, BOX 130",-0.47590228570018
118.0,0.129742520873811,Eye exam & treatment,92014,1679557110,10014.4,118.0,MARSKE,0.134177770327881,1.03418501062103,1.0,19479,BENJAMIN,Optometry,96368-5267,10648,APO,AP,OPTOMETRY CLINIC/ SGPE,-0.254774025067588
48.0,0.08423100621838,X-ray exam of abdomen,74020,1215919634,472.82,42.0,BLEVINS,0.0893435293974445,1.06069645144461,1.14286,14738,NISKA,Diagnostic Radiology,96350-1740,1546,FPO,AP,PSC 475 BOX 1740,0.919604844988129
11.0,0.0874776973533266,Repair of wound or lesion,13101,1386624567,3428.31,11.0,PARLETTE,0.09567626361407,1.09372178862492,1.0,1200,ERIC,Dermatology,96362,876,FPO,AP,"PSC 482, BOX 130",-0.979571997114861
12.0,0.0433268674707142,Repair of wound or lesion,13152,1386624567,3140.03,12.0,PARLETTE,0.0444389980894224,1.02566838277565,1.0,910,ERIC,Dermatology,96362,383,FPO,AP,"PSC 482, BOX 130",-0.57760939443327
19.0,0.0975746981864136,Repair of wound or lesion,13121,1386624567,6034.67,19.0,PARLETTE,0.107761761014504,1.10440270907759,1.0,1695,ERIC,Dermatology,96362,1338,FPO,AP,"PSC 482, BOX 130",-0.968828906420169
15.0,0.040606420328467,Emergency dept visit,99283,1699974675,699.6,15.0,ASH,0.0418548962608648,1.03074577670966,1.0,31668,ADAM,Emergency Medicine,962055244,20209,APO,AP,UNIT 15244,-0.734580167587527
40.0,0.0936382535991873,Dx bronchoscope/wash,31622,1891727913,2675.82,35.0,CARR,0.100086265125747,1.06886086912898,1.14286,308,SHAMUS,Thoracic Surgery,96538,42,FPO,AP,BOX 9095,0.739325468133788
12.0,0.0560835942486749,Skin tissue rearrangement,14060,1386624567,7360.47,12.0,PARLETTE,0.0581014045081035,1.03597861881822,1.0,1248,ERIC,Dermatology,96362,636,FPO,AP,"PSC 482, BOX 130",-0.6192383664873
36.0,0.145480029163361,X-ray exam of hand,73130,1215919634,210.56,33.0,BLEVINS,0.170686460233306,1.1732638576917,1.09091,15681,NISKA,Diagnostic Radiology,96350-1740,9718,FPO,AP,PSC 475 BOX 1740,-0.482491312775573
62.0,0.237095494822165,Office/outpatient visit est,99214,1386624567,4831.53,57.0,PARLETTE,0.294293225353558,1.24124343051855,1.08772,5513,ERIC,Dermatology,96362,3846,FPO,AP,"PSC 482, BOX 130",-0.521670551821892
63.0,0.25636650638781,Office/outpatient visit est,99212,1386624567,2191.44,49.0,PARLETTE,0.339051899186512,1.32252806329397,1.28571,8533,ERIC,Dermatology,96362,3641,FPO,AP,"PSC 482, BOX 130",-0.108578641493868
197.0,0.423685333971233,Office/outpatient visit est,99213,1083605026,7725.14,180.0,HOLLOWAY,0.565514113177431,1.33475026826354,1.09444,20118,ELLEN,Physician Assistant,963100014,13646,FPO,AP,PSC 561 BOX 1338,-0.424933469479146
36.0,0.00411137381317548,Office/outpatient visit new,99202,1811976483,1280.4,36.0,LYNOTT,0.00411243191834823,1.00025736048845,1.0,4376,JOHN,Orthopedic Surgery,96538,42,FPO,AP,PSC 490 BOX 9005,-0.0625810939995307
16.0,0.0965666255838108,Exc tr-ext mal+marg 2.1-3 cm,11603,1386624567,2087.03,16.0,PARLETTE,0.105613787124621,1.09368828501684,1.0,1642,ERIC,Dermatology,96362,1156,FPO,AP,"PSC 482, BOX 130",-0.887083851148049
16.0,0.0710075465964718,X-ray exam of hips,73520,1215919634,167.52,16.0,BLEVINS,0.0718529576243266,1.01190593209281,1.0,6217,NISKA,Diagnostic Radiology,96350-1740,781,FPO,AP,PSC 475 BOX 1740,-0.16569856671817
21.0,0.0687967052878464,Ct thorax w/o & w/dye,71270,1215919634,897.49,21.0,BLEVINS,0.0706899091554901,1.02751881590437,1.0,2228,NISKA,Diagnostic Radiology,96350-1740,753,FPO,AP,PSC 475 BOX 1740,-0.389289167762878
12.0,0.0968463151585451,X-ray exam of sinuses,70220,1215919634,114.12,12.0,BLEVINS,0.0994862278966294,1.02725878350418,1.0,798,NISKA,Diagnostic Radiology,96350-1740,202,FPO,AP,PSC 475 BOX 1740,-0.273995547730519
66.0,0.194323464050048,Destruct premalg lesion,17000,1386624567,3283.81,57.0,PARLETTE,0.268382165356102,1.38111044215937,1.15789,10021,ERIC,Dermatology,96362,8571,FPO,AP,"PSC 482, BOX 130",-0.831708438208872
39.0,0.0801960097642285,Us exam of head and neck,76536,1215919634,802.94,38.0,BLEVINS,0.0820356390236449,1.02293916199602,1.02632,12682,NISKA,Diagnostic Radiology,96350-1740,3080,FPO,AP,PSC 475 BOX 1740,0.0411607240507447
18.0,0.0743384957559525,Transvaginal us non-ob,76830,1215919634,370.38,17.0,BLEVINS,0.0761444965749543,1.02429428791418,1.05882,8395,NISKA,Diagnostic Radiology,96350-1740,1140,FPO,AP,PSC 475 BOX 1740,0.453470692554756
81.0,0.12679386278904,Tissue exam by pathologist,88304,1225094055,720.79,68.0,DAUTERMAN,0.143095906975129,1.1285712401807,1.19118,9517,PHILIP,Pathology,96538,1489,FPO,AP,BOX 9095,0.437504996700731
12.0,0.0273066989267965,Anesth spine cord surgery,00670,1518946672,5998.64,12.0,DI SCALA,0.0275382142574253,1.0084783346112,1.0,2975,BRUNO,Anesthesiology,963629998,393,FPO,AP,PSC 482,-0.307875250441024
118.0,0.135958336210559,X-ray exam of knee 3,73562,1215919634,799.64,102.0,BLEVINS,0.161911248237126,1.19088871451305,1.15686,13499,NISKA,Diagnostic Radiology,96350-1740,6987,FPO,AP,PSC 475 BOX 1740,-0.210152037830801
13.0,0.00908210869146675,Removal of thyroid,60240,1275515652,2380.41,13.0,JOHNSTON,0.00909044855550667,1.00091827397395,1.0,99,MICHAEL,General Surgery,96350,2,FPO,AP,USNH YOKOSUKA,-0.101015254455222
19.0,0.183162742908969,Biopsy of thyroid,60100,1215919634,1020.09,15.0,BLEVINS,0.217976763858298,1.19007151998499,1.26667,186,NISKA,Diagnostic Radiology,96350-1740,47,FPO,AP,PSC 475 BOX 1740,0.351391264973976
57.0,0.626185710337138,Deb subq tissue 20 sq cm/<,11042,1265421143,2757.8,19.0,PIOVESAN,1.7583748818599,2.80807251400418,3.0,1305,NATHAN,General Surgery,96328,467,APO,AP,374 MDOS SGOSG,0.109150493433353
18.0,0.0654936060440813,Spinal fluid tap diagnostic,62270,1215919634,1075.5,17.0,BLEVINS,0.0678053830600575,1.03529775127087,1.05882,765,NISKA,Diagnostic Radiology,96350-1740,186,FPO,AP,PSC 475 BOX 1740,0.346961158209941
24.0,0.040606420328467,Emergency dept visit,99283,1225028368,1060.74,24.0,GREGORY,0.0418548962608648,1.03074577670966,1.0,31668,CARRIE,Emergency Medicine,96278,20209,APO,AP,51ST MEDICAL GROUP,-0.734580167587527
12.0,0.054820522849818,Anesth skin ext/per/atrunk,00400,1215917893,2537.93,12.0,AHN,0.0561545419952262,1.02433430175525,1.0,7302,IK,Anesthesiology,96538,2097,FPO,AP,"PSC 490, BOX 9095",-0.433345209321115
13.0,0.0185227327193807,Explore parathyroid glands,60500,1275515652,2456.79,13.0,JOHNSTON,0.0185934643253814,1.00381863772869,1.0,200,MICHAEL,General Surgery,96350,12,FPO,AP,USNH YOKOSUKA,-0.205375268528003
28.0,0.644735574384947,Deb musc/fascia 20 sq cm/<,11043,1265421143,3397.68,11.0,PIOVESAN,1.49211961816741,2.31431252973878,2.54545,409,NATHAN,General Surgery,96328,124,APO,AP,374 MDOS SGOSG,0.15490847352494
18.0,1.63613393901696,Self care mngment training,97535,1679553119,390.35,11.0,JENSEN,3.92871514543571,2.40121853825501,1.63636,2767,ARDEN,Physical Therapist,96362,1128,FPO,AP,PSC 482,-0.194683219427901
33.0,0.031031077794439,Anesth upper gi visualize,00740,1215917893,4671.49,33.0,AHN,0.031586924103562,1.0179125685806,1.0,15532,IK,Anesthesiology,96538,6265,FPO,AP,"PSC 490, BOX 9095",-0.567088093854125
39.0,0.174890524995141,X-ray exam of foot,73620,1215919634,213.82,24.0,BLEVINS,0.208016811805011,1.18941155794912,1.625,2562,NISKA,Diagnostic Radiology,96350-1740,114,FPO,AP,PSC 475 BOX 1740,2.09400595207271
