num_of_services,variation_coefficient_serv_per_bene,service_description,service_billing_code,npi,total_payments,num_of_beneficiaries,nppes_provider_last_org_name,national_stddev_serv_per_bene,national_avg_serv_per_bene,services_per_bene,num_of_providers,nppes_provider_first_name,provider_specialty,nppes_provider_zip,national_rank,nppes_provider_city,nppes_provider_state,nppes_provider_street,stddev_above_avg
17.0,0.571332316553903,Diphenhydramine hcl injectio,J1200,1659578458,6.04,16.0,SHELTON,1.03407960074809,1.80994417922187,1.0625,131,DEBBIE,Nurse Practitioner,72301,119,WEST MEMPHIS,AS,3900 PETRO RD,-0.722811066654007
19.0,0.00323486240406244,Office/outpatient visit new,99203,1821142043,1232.96,19.0,MCMANUS,0.00323562074817677,1.00023442855355,1.0,6840,MARC,Physician Assistant,967990004,63,PAGO PAGO,AS,96799 TURNER DRIVE,-0.0724524200450489
11.0,0.456378489970699,Office/outpatient visit est,99212,1316185499,204.39,11.0,BRINKER,0.575582679550369,1.26119589813999,1.0,7099,TIMOTHY,Physician Assistant,967990001,5755,PAGO PAGO,AS,96799 TURNER DRIVE,-0.453793881261389
14.0,0.195504748934956,Urinalysis nonauto w/o scope,81002,1821142043,47.06,14.0,MCMANUS,0.231427377602923,1.18374299787428,1.0,2322,MARC,Physician Assistant,967990004,1852,PAGO PAGO,AS,96799 TURNER DRIVE,-0.793955321005879
64.0,0.423685333971233,Office/outpatient visit est,99213,1821142043,3005.99,59.0,MCMANUS,0.565514113177431,1.33475026826354,1.08475,20118,MARC,Physician Assistant,967990004,14114,PAGO PAGO,AS,96799 TURNER DRIVE,-0.442083579712079
13.0,0.500853165211751,Prothrombin time,85610,1124224092,72.28,12.0,WU,2.98275003160914,5.95533828831468,1.08333,14015,LISA,Family Practice,96799,13934,PAGO PAGO,AS,6 96799 TURNER DRIVE,-1.63339363460389
83.0,0.732818023477004,Esrd serv 1 visit p mo 20+,90962,1770790768,1550.46,83.0,ANESI,1.62168894304502,2.21294904204264,1.0,292,ALOIAMOA,Internal Medicine,96799,277,PAGO PAGO,AS,96796 TURNER DRIVE,-0.747954191366137
11.0,0.423685333971233,Office/outpatient visit est,99213,1821142043,355.7,11.0,MCMANUS,0.565514113177431,1.33475026826354,1.0,20118,MARC,Physician Assistant,967990004,17680,PAGO PAGO,AS,96799 TURNER DRIVE,-0.591939724338079
48.0,0.858278227770243,Ceftriaxone sodium injection,J0696,1659578458,10.79,12.0,SHELTON,3.98457918708928,4.64252623236288,4.0,1645,DEBBIE,Nurse Practitioner,72301,1066,WEST MEMPHIS,AS,3900 PETRO RD,-0.161253222032775
37.0,0.463323484382862,Office/outpatient visit est,99213,1659578458,918.34,36.0,SHELTON,0.669629063277442,1.44527330439418,1.02778,26609,DEBBIE,Nurse Practitioner,72301,23329,WEST MEMPHIS,AS,3900 PETRO RD,-0.623472809449944
55.0,0.423685333971233,Office/outpatient visit est,99213,1316185499,2199.6,43.0,BRINKER,0.565514113177431,1.33475026826354,1.27907,20118,TIMOTHY,Physician Assistant,967990001,7765,PAGO PAGO,AS,96799 TURNER DRIVE,-0.0984599423121132
56.0,1.13652445907542,Dexamethasone sodium phos,J1100,1659578458,3.7,14.0,SHELTON,8.30149622568143,7.30428294735938,4.0,1629,DEBBIE,Nurse Practitioner,72301,1136,WEST MEMPHIS,AS,3900 PETRO RD,-0.398034626232472
