num_of_services,variation_coefficient_serv_per_bene,service_description,service_billing_code,npi,total_payments,num_of_beneficiaries,nppes_provider_last_org_name,national_stddev_serv_per_bene,national_avg_serv_per_bene,services_per_bene,num_of_providers,nppes_provider_first_name,provider_specialty,nppes_provider_zip,national_rank,nppes_provider_city,nppes_provider_state,nppes_provider_street,stddev_above_avg
25.0,0.329095857622651,Echo exam of eye,76519,1902960644,840.49,16.0,KHORRAM,0.484420151724434,1.47197280216113,1.5625,4585,KOOROSH,Ophthalmology,969503900,1432,SAIPAN,MP,"503900 MOOTY 13 FISHERMEN BEACHROAD, GARAPAN",0.186877440000404
171.0,0.328569667084617,Eye exam established pat,92012,1902960644,10679.4,71.0,KHORRAM,0.50724840922414,1.54380778276014,2.40845,13732,KOOROSH,Ophthalmology,969503900,764,SAIPAN,MP,"503900 MOOTY 13 FISHERMEN BEACHROAD, GARAPAN",1.70457473104249
77.0,0.296717678265535,Special eye exam initial,92225,1902960644,1611.59,36.0,KHORRAM,0.431581622230687,1.45451940967421,2.13889,4611,KOOROSH,Ophthalmology,969503900,86,SAIPAN,MP,"503900 MOOTY 13 FISHERMEN BEACHROAD, GARAPAN",1.5857242083097
14.0,0.185871209367948,Chest x-ray,71020,1699709295,241.02,13.0,ADA,0.21572460045732,1.16061331494473,1.07692,7032,NORMA,Internal Medicine,96950,4360,SAIPAN,MP,"MH-II BLDG., MARINA HEIGHTS BUSINESS PARK",-0.387949185325009
38.0,0.00608601897482742,Eye exam new patient,92004,1720142466,2504.42,37.0,ROBERTSON,0.00609035740610015,1.00071285207796,1.02703,15757,MARK,Optometry,969503900,145,SAIPAN,MP,"503900 MOOTY 13 FISHERMEN BEACHROAD, GARAPAN",4.32062637462662
29.0,0.0273066989267965,Anesth spine cord surgery,00670,1023150414,16931.7,29.0,SHARMA,0.0275382142574253,1.0084783346112,1.0,2975,ALOK,Anesthesiology,21287,393,BALTIMORE,MP,600 NORTH WOLFE STREET,-0.307875250441024
17.0,0.00608601897482742,Eye exam new patient,92004,1437270295,1472.11,17.0,HARDT,0.00609035740610015,1.00071285207796,1.0,15757,DAVID,Optometry,969504308,465,SAIPAN,MP,"AMPARO BUILDING, BEACH ROAD",-0.117046017242055
31.0,0.222088065053045,Electrocardiogram complete,93000,1356484182,461.16,26.0,HOFSCHNEIDER,0.247663315323122,1.11515814802551,1.19231,31161,JAMES,Internal Medicine,96960,3824,SAIPAN,MP,COMMON WEALTH HEALTH CENTER,0.311509851676726
122.0,0.336554527146751,Hosp manage cont drug admin,01996,1023150414,6713.48,46.0,SHARMA,0.453556124441003,1.34764529327884,2.65217,2453,ALOK,Anesthesiology,21287,63,BALTIMORE,MP,600 NORTH WOLFE STREET,2.87622332142608
14.0,0.0531394623776637,Initial hospital care,99221,1023150414,1229.62,11.0,SHARMA,0.0549063362440081,1.03324975051097,1.27273,268,ALOK,Anesthesiology,21287,3,BALTIMORE,MP,600 NORTH WOLFE STREET,4.36156401836082
94.0,0.498946455845117,Office/outpatient visit est,99213,1366648800,5095.3,39.0,HOCOG,0.945047100717593,1.89408520623094,2.41026,64877,LARRY,Family Practice,96950,11848,SAIPAN,MP,1 LOWER NAVY HILL ROAD,0.546185665434397
50.0,0.00486400593066495,Eye exam new patient,92004,1902960644,4548.44,50.0,KHORRAM,0.00486713093764298,1.00064247598021,1.0,11869,KOOROSH,Ophthalmology,969503900,605,SAIPAN,MP,"503900 MOOTY 13 FISHERMEN BEACHROAD, GARAPAN",-0.132003019527643
11.0,0.0362159415032222,N block inj fem cont inf,64448,1023150414,668.96,11.0,SHARMA,0.0367513107799898,1.01478269663982,1.0,1848,ALOK,Anesthesiology,21287,421,BALTIMORE,MP,600 NORTH WOLFE STREET,-0.40223590196052
84.0,1.04348833831239,Tx/proph/dg addl seq iv inf,96367,1184653172,2404.6,21.0,ALDAN,4.67332980764916,4.47856448037284,4.0,35,VICENTE,Family Practice,96950,14,SAIPAN,MP,"KULOT DE ROSA DR., CHALAN KIYA",-0.102403318419671
18.0,0.00608601897482742,Eye exam new patient,92004,1609997477,1055.71,18.0,HARDT,0.00609035740610015,1.00071285207796,1.0,15757,DONALD,Optometry,96950,465,SAIPAN,MP,"AMPARO BUILDING, BEACH ROAD",-0.117046017242055
48.0,0.040606420328467,Emergency dept visit,99283,1124064274,2216.74,46.0,CORNETT,0.0418548962608648,1.03074577670966,1.04348,31668,EDWARD,Emergency Medicine,96950,8000,GARAPAN,MP,1 LOWER NAVY HILL,0.304205121296181
452.0,0.4746014938865,Office/outpatient visit est,99214,1356484182,32835.7,112.0,HOFSCHNEIDER,0.963700582797498,2.03054688030115,4.03571,56743,JAMES,Internal Medicine,96960,2084,SAIPAN,MP,COMMON WEALTH HEALTH CENTER,2.080695295787
34.0,0.0811656267682276,Insertion catheter artery,36620,1023150414,1516.4,34.0,SHARMA,0.0824400022239128,1.01570092545856,1.0,11999,ALOK,Anesthesiology,21287,2994,BALTIMORE,MP,600 NORTH WOLFE STREET,-0.190452753942371
219.0,0.207203948835047,MD certification HHA patient,G0180,1184653172,9141.86,64.0,ALDAN,0.243885389234564,1.17703060489797,3.42188,8488,VICENTE,Family Practice,96950,8,SAIPAN,MP,"KULOT DE ROSA DR., CHALAN KIYA",9.20450545294034
61.0,1.42139483898016,Ceftriaxone sodium injection,J0696,1184653172,26.89,12.0,ALDAN,6.6625827002379,4.68735534808769,5.08333,5974,VICENTE,Family Practice,96950,1819,SAIPAN,MP,"KULOT DE ROSA DR., CHALAN KIYA",0.0594331300648956
47.0,0.626859599142964,Office/outpatient visit est,99212,1366648800,1501.28,27.0,HOCOG,0.882539713916412,1.40787461039603,1.74074,20258,LARRY,Family Practice,96950,2660,SAIPAN,MP,1 LOWER NAVY HILL ROAD,0.377168483658184
59.0,0.498946455845117,Office/outpatient visit est,99213,1720126253,2669.83,36.0,STEARNS,0.945047100717593,1.89408520623094,1.63889,64877,ANTHONY,Family Practice,96950,33580,SAIPAN,MP,BEACH ROAD SAN ANTONIA,-0.270035610003119
24.0,0.17828774000142,Cmptr ophth img optic nerve,92133,1437270295,933.36,23.0,HARDT,0.19717300780872,1.10592577934495,1.04348,8301,DAVID,Optometry,969504308,4125,SAIPAN,MP,"AMPARO BUILDING, BEACH ROAD",-0.316714389740356
30.0,0.102575455194659,Rhythm ecg report,93042,1124064274,159.32,30.0,CORNETT,0.105227663202422,1.02585616610455,1.0,3337,EDWARD,Emergency Medicine,96950,1945,GARAPAN,MP,1 LOWER NAVY HILL,-0.24571643347068
468.0,0.626859599142964,Office/outpatient visit est,99212,1184653172,12010.0,138.0,ALDAN,0.882539713916412,1.40787461039603,3.3913,20258,VICENTE,Family Practice,96950,516,SAIPAN,MP,"KULOT DE ROSA DR., CHALAN KIYA",2.2474112075184
47.0,0.190804119121132,Visual field examination(s),92083,1720142466,2165.61,15.0,ROBERTSON,0.219022235481674,1.14789049885568,3.13333,10566,MARK,Optometry,969503900,3,SAIPAN,MP,"503900 MOOTY 13 FISHERMEN BEACHROAD, GARAPAN",9.06502913447702
27.0,0.529036341368206,Triamcinolone acet inj NOS,J3301,1366648800,31.63,11.0,HOCOG,2.90934190699845,5.49932335361734,2.45455,5847,LARRY,Family Practice,96950,5051,SAIPAN,MP,1 LOWER NAVY HILL ROAD,-1.04655209083498
26.0,0.185871209367948,Chest x-ray,71020,1356484182,444.96,22.0,HOFSCHNEIDER,0.21572460045732,1.16061331494473,1.18182,7032,JAMES,Internal Medicine,96960,1906,SAIPAN,MP,COMMON WEALTH HEALTH CENTER,0.0982957559891591
35.0,0.498946455845117,Office/outpatient visit est,99213,1275594517,1474.23,13.0,LAMAR,0.945047100717593,1.89408520623094,2.69231,64877,DANIEL,Family Practice,96950,8152,SAN JOSE,MP,"BEACH ROAD, OLEAI BUS. CENTER",0.844637800391685
19.0,0.445808674289028,Pm device eval in person,93288,1356484182,301.72,13.0,HOFSCHNEIDER,0.708560974669124,1.58938355293138,1.46154,281,JAMES,Internal Medicine,96960,126,SAIPAN,MP,COMMON WEALTH HEALTH CENTER,-0.180429241057844
30.0,0.142848823550394,Critical care first hour,99291,1124064274,5117.65,30.0,CORNETT,0.146227909401061,1.02365497850583,1.0,23177,EDWARD,Emergency Medicine,96950,9410,GARAPAN,MP,1 LOWER NAVY HILL,-0.161767877300008
131.0,0.657392875997256,Therapeutic exercises,97110,1154508067,3083.88,17.0,CARHILL,9.90112847475707,15.061204397351,7.70588,35353,PAMELA,Physical Therapist,96950,27670,SAIPAN,MP,1 LOWER NAVY HILL,-0.742877124240683
12.0,0.17828774000142,Cmptr ophth img optic nerve,92133,1609997477,458.09,11.0,HARDT,0.19717300780872,1.10592577934495,1.09091,8301,DONALD,Optometry,96950,2520,SAIPAN,MP,"AMPARO BUILDING, BEACH ROAD",-0.0761597953549586
35.0,0.761829488653685,Office/outpatient visit est,99211,1699709295,400.06,19.0,ADA,2.35537873214663,3.09174003793039,1.84211,11712,NORMA,Internal Medicine,96950,6833,SAIPAN,MP,"MH-II BLDG., MARINA HEIGHTS BUSINESS PARK",-0.530545152439002
59.0,0.49426268344472,Eye exam established pat,92012,1437270295,3693.02,36.0,HARDT,0.632531274304032,1.27974717794931,1.63889,8698,DAVID,Optometry,969504308,984,SAIPAN,MP,"AMPARO BUILDING, BEACH ROAD",0.567784823529614
73.0,0.0187841407043647,"Fluzone vacc, 3 yrs & >, im",Q2038,1699709295,906.66,73.0,ADA,0.0189165011328661,1.0070463925172,1.0,12394,NORMA,Internal Medicine,96950,3496,SAIPAN,MP,"MH-II BLDG., MARINA HEIGHTS BUSINESS PARK",-0.372499780361662
58.0,0.17828774000142,Cmptr ophth img optic nerve,92133,1720142466,1203.34,26.0,ROBERTSON,0.19717300780872,1.10592577934495,2.23077,8301,MARK,Optometry,969503900,31,SAIPAN,MP,"503900 MOOTY 13 FISHERMEN BEACHROAD, GARAPAN",5.70485479004279
220.0,0.57407128057564,Subsequent hospital care,99232,1184653172,11426.6,47.0,ALDAN,1.54542185071674,2.69203825902438,4.68085,17902,VICENTE,Family Practice,96950,1343,SAIPAN,MP,"KULOT DE ROSA DR., CHALAN KIYA",1.28690604621596
92.0,0.49426268344472,Eye exam established pat,92012,1720142466,5941.87,57.0,ROBERTSON,0.632531274304032,1.27974717794931,1.61404,8698,MARK,Optometry,969503900,1077,SAIPAN,MP,"503900 MOOTY 13 FISHERMEN BEACHROAD, GARAPAN",0.528492368959348
39.0,0.406331797178454,Office/outpatient visit est,99212,1699800235,805.82,29.0,YAROFALIR,0.576888580794368,1.41974756787495,1.34483,9050,JOHN,General Surgery,96950,3459,SAIPAN,MP,1 LOWER NAVY HILL,-0.129869159489233
45.0,0.49426268344472,Eye exam established pat,92012,1609997477,2820.82,29.0,HARDT,0.632531274304032,1.27974717794931,1.55172,8698,DONALD,Optometry,96950,1326,SAIPAN,MP,"AMPARO BUILDING, BEACH ROAD",0.429981929083735
112.0,0.4888258444624,Prothrombin time,85610,1699709295,587.42,13.0,ADA,3.10874286109976,6.35961231656785,8.61539,13031,NORMA,Internal Medicine,96950,2836,SAIPAN,MP,"MH-II BLDG., MARINA HEIGHTS BUSINESS PARK",0.72562216939877
26.0,0.456378489970699,Office/outpatient visit est,99212,1164591574,662.4,13.0,OSBORNE,0.575582679550369,1.26119589813999,2.0,7099,BERNARD,Physician Assistant,969502878,245,SAIPAN,MP,KULOT DE ROSA DR,1.28357597980041
65.0,3.80930955929387,Initial hospital care,99223,1184653172,8721.34,45.0,ALDAN,4.43529772978507,1.1643311368497,1.44444,10860,VICENTE,Family Practice,96950,454,SAIPAN,MP,"KULOT DE ROSA DR., CHALAN KIYA",0.06315546287292
18.0,0.118146451549463,Emergency dept visit,99282,1982739025,563.5,14.0,ROHRINGER,0.121438097153657,1.02786072337362,1.28571,7779,MARTIN,Emergency Medicine,96950,70,SAIPAN,MP,AAA 3627,2.12333321547766
137.0,0.47599143868414,Cptr ophth dx img post segmt,92134,1902960644,2679.0,27.0,KHORRAM,0.734119173900562,1.54229491171103,5.07407,9845,KOOROSH,Ophthalmology,969503900,12,SAIPAN,MP,"503900 MOOTY 13 FISHERMEN BEACHROAD, GARAPAN",4.81090738696388
20.0,0.0365572187634258,Emergency dept visit,99284,1982739025,1848.8,19.0,ROHRINGER,0.037767896229949,1.03311732969507,1.05263,33037,MARTIN,Emergency Medicine,96950,6535,SAIPAN,MP,AAA 3627,0.516689803915022
79.0,0.597299329781916,Special eye exam subsequent,92226,1902960644,1502.72,27.0,KHORRAM,1.25916779085139,2.10810179765501,2.92593,3331,KOOROSH,Ophthalmology,969503900,535,SAIPAN,MP,"503900 MOOTY 13 FISHERMEN BEACHROAD, GARAPAN",0.649495784727407
35.0,0.280228669966711,Office/outpatient visit est,99213,1609997477,1781.94,19.0,HARDT,0.372074379755823,1.32775272351691,1.84211,13475,DONALD,Optometry,96950,756,SAIPAN,MP,"AMPARO BUILDING, BEACH ROAD",1.38239173106383
25.0,0.190804119121132,Visual field examination(s),92083,1437270295,1813.39,23.0,HARDT,0.219022235481674,1.14789049885568,1.08696,10566,DAVID,Optometry,969504308,4908,SAIPAN,MP,"AMPARO BUILDING, BEACH ROAD",-0.278209185996986
36.0,0.206752815172945,Chest x-ray,71020,1184653172,923.1,29.0,ALDAN,0.241068233116855,1.1659731593749,1.24138,12357,VICENTE,Family Practice,96950,2241,SAIPAN,MP,"KULOT DE ROSA DR., CHALAN KIYA",0.312799827115291
58.0,0.0187841407043647,"Fluzone vacc, 3 yrs & >, im",Q2038,1356484182,727.88,58.0,HOFSCHNEIDER,0.0189165011328661,1.0070463925172,1.0,12394,JAMES,Internal Medicine,96960,3496,SAIPAN,MP,COMMON WEALTH HEALTH CENTER,-0.372499780361662
14.0,0.222088065053045,Electrocardiogram complete,93000,1699709295,164.7,14.0,ADA,0.247663315323122,1.11515814802551,1.0,31161,NORMA,Internal Medicine,96950,25140,SAIPAN,MP,"MH-II BLDG., MARINA HEIGHTS BUSINESS PARK",-0.46497862582218
47.0,0.423685333971233,Office/outpatient visit est,99213,1164591574,1150.14,35.0,OSBORNE,0.565514113177431,1.33475026826354,1.34286,20118,BERNARD,Physician Assistant,969502878,6346,SAIPAN,MP,KULOT DE ROSA DR,0.0143353701858536
28.0,0.280228669966711,Office/outpatient visit est,99213,1437270295,1112.13,16.0,HARDT,0.372074379755823,1.32775272351691,1.75,13475,DAVID,Optometry,969504308,1088,SAIPAN,MP,"AMPARO BUILDING, BEACH ROAD",1.13484641635414
57.0,1.50993186270912,Bevacizumab injection,J9035,1902960644,2799.3,17.0,KHORRAM,5.44168626861192,3.60392836458755,3.35294,1452,KOOROSH,Ophthalmology,969503900,665,SAIPAN,MP,"503900 MOOTY 13 FISHERMEN BEACHROAD, GARAPAN",-0.0461230356833179
30.0,0.040606420328467,Emergency dept visit,99283,1982739025,1450.91,24.0,ROHRINGER,0.0418548962608648,1.03074577670966,1.25,31668,MARTIN,Emergency Medicine,96950,108,SAIPAN,MP,AAA 3627,5.23843666757198
16.0,0.190804119121132,Visual field examination(s),92083,1609997477,1280.96,12.0,HARDT,0.219022235481674,1.14789049885568,1.33333,10566,DONALD,Optometry,96950,1117,SAIPAN,MP,"AMPARO BUILDING, BEACH ROAD",0.846685149597986
43.0,0.505991577411143,Office/outpatient visit est,99213,1699800235,1741.3,38.0,YAROFALIR,0.727705553867903,1.43817720759531,1.13158,13624,JOHN,General Surgery,96950,9672,SAIPAN,MP,1 LOWER NAVY HILL,-0.421321898251221
15.0,0.27044436189661,Office/outpatient visit est,99213,1497994008,554.6,12.0,GRANT,0.37905775415799,1.40161085814354,1.25,17597,JEANOLIVIA,Obstetrics/Gynecology,969500409,10418,SAIPAN,MP,LOWER NAVY HILL,-0.399967700120846
140.0,0.0365572187634258,Emergency dept visit,99284,1124064274,12429.3,138.0,CORNETT,0.037767896229949,1.03311732969507,1.01449,33037,EDWARD,Emergency Medicine,96950,21442,GARAPAN,MP,1 LOWER NAVY HILL,-0.493132564594806
102.0,1.66676785401201,Ther/proph/diag iv inf init,96365,1184653172,6479.36,30.0,ALDAN,5.00900438065173,3.00522017424008,3.4,434,VICENTE,Family Practice,96950,93,SAIPAN,MP,"KULOT DE ROSA DR., CHALAN KIYA",0.0788140498842984
15.0,0.0881653778385424,Pt evaluation,97001,1154508067,821.43,14.0,CARHILL,0.0951368546458605,1.0790727264855,1.07143,33054,PAMELA,Physical Therapist,96950,14928,SAIPAN,MP,1 LOWER NAVY HILL,-0.080349399243676
354.0,0.758876159636565,Office/outpatient visit est,99211,1184653172,4536.3,120.0,ALDAN,2.21947341410141,2.92468459565833,2.95,10107,VICENTE,Family Practice,96950,3454,SAIPAN,MP,"KULOT DE ROSA DR., CHALAN KIYA",0.0114060622959246
14.0,3.40951616302848,Cataract surg w/iol 1 stage,66984,1902960644,8774.42,13.0,KHORRAM,7.47109957327874,2.19124920253863,1.07692,10093,KOOROSH,Ophthalmology,969503900,9769,SAIPAN,MP,"503900 MOOTY 13 FISHERMEN BEACHROAD, GARAPAN",-0.149151548532615
61.0,0.597671604532346,Office/outpatient visit est,99212,1699709295,1896.19,32.0,ADA,0.868313175352278,1.45282655017834,1.90625,19647,NORMA,Internal Medicine,96950,2418,SAIPAN,MP,"MH-II BLDG., MARINA HEIGHTS BUSINESS PARK",0.522188840031949
86.0,0.442377970376978,Routine venipuncture,36415,1063459428,258.0,63.0,AL-ALOU,0.887746766357627,2.00676079236297,1.36508,24638,AHMAD,Internal Medicine,969501908,19543,SAIPAN,MP,"BOX 501908, CHALAN KANOA",-0.722820306146726
299.0,0.0336797314708115,Emergency dept visit,99285,1124064274,38799.3,290.0,CORNETT,0.0350592234411451,1.040959114283,1.03103,32517,EDWARD,Emergency Medicine,96950,17508,GARAPAN,MP,1 LOWER NAVY HILL,-0.283082273489785
16.0,0.00450888499935135,Office/outpatient visit new,99202,1366648800,594.63,16.0,HOCOG,0.00451021425186394,1.00029480736652,1.0,5505,LARRY,Family Practice,96950,44,SAIPAN,MP,1 LOWER NAVY HILL ROAD,-0.0653643818356027
143.0,0.303551700503886,Eye exam & treatment,92014,1902960644,11150.5,102.0,KHORRAM,0.363766400581333,1.1983671973423,1.40196,14644,KOOROSH,Ophthalmology,969503900,1903,SAIPAN,MP,"503900 MOOTY 13 FISHERMEN BEACHROAD, GARAPAN",0.559682073124421
328.0,0.520218405877356,Office/outpatient visit est,99213,1699709295,15097.1,110.0,ADA,1.05399433249761,2.02606120927235,2.98182,57176,NORMA,Internal Medicine,96950,7540,SAIPAN,MP,"MH-II BLDG., MARINA HEIGHTS BUSINESS PARK",0.90679518894617
83.0,0.129742520873811,Eye exam & treatment,92014,1609997477,5516.12,64.0,HARDT,0.134177770327881,1.03418501062103,1.29688,19479,DONALD,Optometry,96950,356,SAIPAN,MP,"AMPARO BUILDING, BEACH ROAD",1.95777578310516
57.0,0.381958528576231,Injection eye drug,67028,1902960644,5461.37,17.0,KHORRAM,1.4403048117734,3.77084082175677,3.35294,3431,KOOROSH,Ophthalmology,969503900,2087,SAIPAN,MP,"503900 MOOTY 13 FISHERMEN BEACHROAD, GARAPAN",-0.290146602092705
86.0,0.4746014938865,Office/outpatient visit est,99214,1699709295,5130.29,52.0,ADA,0.963700582797498,2.03054688030115,1.65385,56743,NORMA,Internal Medicine,96950,33433,SAIPAN,MP,"MH-II BLDG., MARINA HEIGHTS BUSINESS PARK",-0.390889807839929
50.0,0.418853548663658,Immunization admin,90471,1063459428,837.23,46.0,AL-ALOU,0.476383671703399,1.13735140414422,1.08696,5741,AHMAD,Internal Medicine,969501908,1201,SAIPAN,MP,"BOX 501908, CHALAN KANOA",-0.105786377935539
232.0,0.129742520873811,Eye exam & treatment,92014,1720142466,16334.8,186.0,ROBERTSON,0.134177770327881,1.03418501062103,1.24731,19479,MARK,Optometry,969503900,491,SAIPAN,MP,"503900 MOOTY 13 FISHERMEN BEACHROAD, GARAPAN",1.58839142563479
19.0,0.334867024370742,Subsequent hospital care,99231,1023150414,653.03,18.0,SHARMA,0.404316515655766,1.20739423780388,1.05556,2872,ALOK,Anesthesiology,21287,1476,BALTIMORE,MP,600 NORTH WOLFE STREET,-0.375544035125806
17.0,0.4746014938865,Office/outpatient visit est,99214,1699705277,591.64,15.0,DE GUZMAN,0.963700582797498,2.03054688030115,1.13333,56743,GABRIEL,Internal Medicine,969501908,50420,SAIPAN,MP,"PACIFIC MEDICAL CENTER, MIDDLE ROAD BUILDONG",-0.931008625428666
22.0,0.424141952892554,Esrd srv 2-3 vsts p mo 20+,90961,1184653172,4163.5,16.0,ALDAN,0.829336587897636,1.95532788549151,1.375,7,VICENTE,Family Practice,96950,6,SAIPAN,MP,"KULOT DE ROSA DR., CHALAN KIYA",-0.699749527465845
60.0,0.129742520873811,Eye exam & treatment,92014,1437270295,4886.06,49.0,HARDT,0.134177770327881,1.03418501062103,1.22449,19479,DAVID,Optometry,969504308,565,SAIPAN,MP,"AMPARO BUILDING, BEACH ROAD",1.41830347155506
118.0,0.518149041959379,Ketorolac tromethamine inj,J1885,1184653172,20.14,12.0,ALDAN,2.19703112113517,4.24015281940329,9.83333,3016,VICENTE,Family Practice,96950,62,SAIPAN,MP,"KULOT DE ROSA DR., CHALAN KIYA",2.54579015391857
365.0,0.498946455845117,Office/outpatient visit est,99213,1184653172,13817.6,172.0,ALDAN,0.945047100717593,1.89408520623094,2.12209,64877,VICENTE,Family Practice,96950,17541,SAIPAN,MP,"KULOT DE ROSA DR., CHALAN KIYA",0.241266023525121
32.0,0.442377970376978,Routine venipuncture,36415,1699705277,96.0,24.0,DE GUZMAN,0.887746766357627,2.00676079236297,1.33333,24638,GABRIEL,Internal Medicine,969501908,19928,SAIPAN,MP,"PACIFIC MEDICAL CENTER, MIDDLE ROAD BUILDONG",-0.758580537619123
13.0,0.426756942084062,Office/outpatient visit est,99214,1720126253,860.73,12.0,STEARNS,0.824792051328985,1.93269744436054,1.08333,61884,ANTHONY,Family Practice,96950,56506,SAIPAN,MP,BEACH ROAD SAN ANTONIA,-1.02979177590545
69.0,0.138173829362215,Hospital discharge day,99239,1184653172,5344.55,47.0,ALDAN,0.157059596025814,1.13668121344521,1.46809,6976,VICENTE,Family Practice,96950,313,SAIPAN,MP,"KULOT DE ROSA DR., CHALAN KIYA",2.11005150607421
86.0,0.535346913017572,Elec stim other than wound,G0283,1154508067,832.77,14.0,CARHILL,3.46541709409091,6.4732176647055,6.14286,16350,PAMELA,Physical Therapist,96950,7612,SAIPAN,MP,1 LOWER NAVY HILL,-0.095330686320926
35.0,0.131794981010938,Electrocardiogram complete,93000,1184653172,462.89,29.0,ALDAN,0.140814187125748,1.06843360836375,1.2069,26849,VICENTE,Family Practice,96950,1274,SAIPAN,MP,"KULOT DE ROSA DR., CHALAN KIYA",0.983302449599141
17.0,0.776592753850746,Glucose test,82950,1063459428,114.41,14.0,AL-ALOU,1.59904061765871,2.05904653337267,1.21429,63,AHMAD,Internal Medicine,969501908,42,SAIPAN,MP,"BOX 501908, CHALAN KANOA",-0.528292272709082
896.0,0.520218405877356,Office/outpatient visit est,99213,1063459428,42193.7,181.0,AL-ALOU,1.05399433249761,2.02606120927235,4.95028,57176,AHMAD,Internal Medicine,969501908,1313,SAIPAN,MP,"BOX 501908, CHALAN KANOA",2.77441260866663
24.0,0.00539042659636773,Office/outpatient visit new,99203,1366648800,1829.79,24.0,HOCOG,0.00539311155347461,1.00049809733216,1.0,17217,LARRY,Family Practice,96950,262,SAIPAN,MP,1 LOWER NAVY HILL ROAD,-0.0923580621735839
13.0,0.108785658644084,Metoclopramide hcl injection,J2765,1184653172,3.51,13.0,ALDAN,0.117851130197758,1.08333333333333,1.0,3,VICENTE,Family Practice,96950,2,SAIPAN,MP,"KULOT DE ROSA DR., CHALAN KIYA",-0.707106781186547
21.0,0.4746014938865,Office/outpatient visit est,99214,1063459428,1250.66,19.0,AL-ALOU,0.963700582797498,2.03054688030115,1.10526,56743,AHMAD,Internal Medicine,969501908,51452,SAIPAN,MP,"BOX 501908, CHALAN KANOA",-0.960136148968227
31.0,0.549000165731454,Methylprednisolone 40 MG inj,J1030,1356484182,84.2,14.0,HOFSCHNEIDER,0.876112866358487,1.5958335189047,2.21429,2488,JAMES,Internal Medicine,96960,306,SAIPAN,MP,COMMON WEALTH HEALTH CENTER,0.70590458940774
24.0,0.505990292644221,Drain/inject joint/bursa,20610,1356484182,1310.19,14.0,HOFSCHNEIDER,0.836099097044138,1.652401457496,1.71429,4897,JAMES,Internal Medicine,96960,1304,SAIPAN,MP,COMMON WEALTH HEALTH CENTER,0.0740154773978281
446.0,0.176215677503309,Esrd srv 4 visits p mo 20+,90960,1184653172,103318.0,45.0,ALDAN,1.32424433778256,7.51490648587545,9.91111,6,VICENTE,Family Practice,96950,1,SAIPAN,MP,"KULOT DE ROSA DR., CHALAN KIYA",1.80948811616421
18.0,0.299276369959946,Urinalysis nonauto w/o scope,81002,1356484182,64.36,17.0,HOFSCHNEIDER,0.383090717132102,1.28005668200057,1.05882,11870,JAMES,Internal Medicine,96960,9951,SAIPAN,MP,COMMON WEALTH HEALTH CENTER,-0.577495320550991
22.0,0.00450888499935135,Office/outpatient visit new,99202,1184653172,640.81,22.0,ALDAN,0.00451021425186394,1.00029480736652,1.0,5505,VICENTE,Family Practice,96950,44,SAIPAN,MP,"KULOT DE ROSA DR., CHALAN KIYA",-0.0653643818356027
43.0,0.836485638450358,Methylprednisolone injection,J2930,1184653172,48.0,19.0,ALDAN,1.18890822871857,1.42131337833976,2.26316,835,VICENTE,Family Practice,96950,41,SAIPAN,MP,"KULOT DE ROSA DR., CHALAN KIYA",0.708081957773192
31.0,0.155839711556529,Cmptr ophth img optic nerve,92133,1902960644,644.12,16.0,KHORRAM,0.167769687790716,1.07655286393327,1.9375,10667,KOOROSH,Ophthalmology,969503900,147,SAIPAN,MP,"503900 MOOTY 13 FISHERMEN BEACHROAD, GARAPAN",5.13172044011143
80.0,0.0260558696139267,Admin influenza virus vac,G0008,1699709295,2119.64,76.0,ADA,0.0262847429159111,1.00878394409304,1.05263,35963,NORMA,Internal Medicine,96950,993,SAIPAN,MP,"MH-II BLDG., MARINA HEIGHTS BUSINESS PARK",1.6681796219061
61.0,0.491948009410396,Reagent strip/blood glucose,82948,1366648800,273.28,25.0,HOCOG,0.807003525081124,1.64042441405206,2.44,694,LARRY,Family Practice,96950,87,SAIPAN,MP,1 LOWER NAVY HILL ROAD,0.990795725567649
90.0,0.228553992453014,Eye exam with photos,92250,1902960644,3002.83,52.0,KHORRAM,0.253424451041027,1.10881655717795,1.73077,8114,KOOROSH,Ophthalmology,969503900,271,SAIPAN,MP,"503900 MOOTY 13 FISHERMEN BEACHROAD, GARAPAN",2.45419381155261
64.0,0.0260558696139267,Admin influenza virus vac,G0008,1356484182,1717.76,63.0,HOFSCHNEIDER,0.0262847429159111,1.00878394409304,1.01587,35963,JAMES,Internal Medicine,96960,6861,SAIPAN,MP,COMMON WEALTH HEALTH CENTER,0.269705146487096
206.0,0.520218405877356,Office/outpatient visit est,99213,1356484182,10686.8,77.0,HOFSCHNEIDER,1.05399433249761,2.02606120927235,2.67532,57176,JAMES,Internal Medicine,96960,10381,SAIPAN,MP,COMMON WEALTH HEALTH CENTER,0.616002808677475
239.0,0.520218405877356,Office/outpatient visit est,99213,1699705277,8858.98,115.0,DE GUZMAN,1.05399433249761,2.02606120927235,2.07826,57176,GABRIEL,Internal Medicine,969501908,19465,SAIPAN,MP,"PACIFIC MEDICAL CENTER, MIDDLE ROAD BUILDONG",0.0495255882392093
37.0,0.157665045224344,Eye exam with photos,92250,1720142466,1259.48,23.0,ROBERTSON,0.168184840257185,1.06672243056711,1.6087,11190,MARK,Optometry,969503900,272,SAIPAN,MP,"503900 MOOTY 13 FISHERMEN BEACHROAD, GARAPAN",3.2224854205823
29.0,0.429320359165679,Office/outpatient visit est,99215,1356484182,3049.7,24.0,HOFSCHNEIDER,0.546894678803348,1.27386150488218,1.20833,23170,JAMES,Internal Medicine,96960,7596,SAIPAN,MP,COMMON WEALTH HEALTH CENTER,-0.119818558037159
90.0,0.157665045224344,Eye exam with photos,92250,1609997477,5285.29,73.0,HARDT,0.168184840257185,1.06672243056711,1.23288,11190,DONALD,Optometry,96950,571,SAIPAN,MP,"AMPARO BUILDING, BEACH ROAD",0.987926305477055
17.0,0.284414805420845,Office/outpatient visit est,99213,1659467504,852.82,12.0,ARAFILES,0.430673098220504,1.51424289457521,1.41667,19671,RUBEN,Orthopedic Surgery,96950,10487,SAIPAN,MP,"MH-II BLDG., SUITE 101, MARINA HEIGHTS BUSINESS PARK",-0.22656689737099
51.0,0.157665045224344,Eye exam with photos,92250,1437270295,3004.17,45.0,HARDT,0.168184840257185,1.06672243056711,1.13333,11190,DAVID,Optometry,969504308,1109,SAIPAN,MP,"AMPARO BUILDING, BEACH ROAD",0.396057663206034
102.0,0.669752467276364,Manual therapy,97140,1154508067,2237.61,18.0,CARHILL,6.34713137516451,9.47683164345172,5.66667,30484,PAMELA,Physical Therapist,96950,22094,SAIPAN,MP,1 LOWER NAVY HILL,-0.600297191049085
