num_of_services,variation_coefficient_serv_per_bene,service_description,service_billing_code,npi,total_payments,num_of_beneficiaries,nppes_provider_last_org_name,national_stddev_serv_per_bene,national_avg_serv_per_bene,services_per_bene,num_of_providers,nppes_provider_first_name,provider_specialty,nppes_provider_zip,national_rank,nppes_provider_city,nppes_provider_state,nppes_provider_street,stddev_above_avg
200.0,0.0681338870104216,Ct abd & pelv w/contrast,74177,1922088392,11751.6,189.0,STINSON,0.070105953599234,1.02894399065344,1.0582,23058,DARRYL,Diagnostic Radiology,735039042,2746,APO,AA,3009 NW WILSON ST,0.417326666919423
14.0,0.0650793537622841,X-ray exam of ribs,71100,1922088392,91.19,14.0,STINSON,0.0662466448403816,1.01793642700205,1.0,5763,DARRYL,Diagnostic Radiology,735039042,1338,APO,AA,3009 NW WILSON ST,-0.270752232739679
19.0,0.128405511334357,Echo guide for biopsy,76942,1922088392,476.18,16.0,STINSON,0.139924564174888,1.08970839896845,1.1875,9576,DARRYL,Diagnostic Radiology,735039042,1234,APO,AA,3009 NW WILSON ST,0.698888015897757
65.0,0.0821195041268391,Us exam breast(s),76645,1922088392,1106.88,61.0,STINSON,0.084830040423851,1.03300721705315,1.06557,12406,DARRYL,Diagnostic Radiology,735039042,1635,APO,AA,3009 NW WILSON ST,0.383904031109671
12.0,0.0866255514944313,Ct lower extremity w/o dye,73700,1922088392,431.14,11.0,STINSON,0.0919151918034933,1.06106328003467,1.09091,5782,DARRYL,Diagnostic Radiology,735039042,1184,APO,AA,3009 NW WILSON ST,0.324710668611298
39.0,0.0624312557113923,Echo exam of abdomen,76705,1922088392,811.82,39.0,STINSON,0.0635778264051229,1.01836533128584,1.0,17368,DARRYL,Diagnostic Radiology,735039042,6503,APO,AA,3009 NW WILSON ST,-0.288863780413198
544.0,0.0777992457897986,Screeningmammographydigital,G0202,1922088392,17836.3,544.0,STINSON,0.0784089097213542,1.00783637328828,1.0,15816,DARRYL,Diagnostic Radiology,735039042,421,APO,AA,3009 NW WILSON ST,-0.0999423830292883
20.0,0.104107011173065,Bx breast percut w/image,19102,1922088392,1416.73,17.0,STINSON,0.117324499249472,1.12696059494432,1.17647,1339,DARRYL,Diagnostic Radiology,735039042,365,APO,AA,3009 NW WILSON ST,0.421992360452189
26.0,0.0751136344280534,Ct thorax w/o dye,71250,1922088392,922.53,26.0,STINSON,0.0774462308486621,1.03105423453904,1.0,21521,DARRYL,Diagnostic Radiology,735039042,11601,APO,AA,3009 NW WILSON ST,-0.400977997234313
138.0,0.0336797314708115,Emergency dept visit,99285,1629189279,17625.5,137.0,WILSON,0.0350592234411451,1.040959114283,1.0073,32517,ROBERT,Emergency Medicine,32925,28036,APO,AA,45 MEDICAL GROUP,-0.960084307943091
97.0,0.110585190393936,X-ray exam of abdomen,74000,1922088392,633.56,85.0,STINSON,0.123629542628367,1.11795749673137,1.14118,21869,DARRYL,Diagnostic Radiology,735039042,6592,APO,AA,3009 NW WILSON ST,0.187810817288914
1404.0,0.216232009225006,Chest x-ray,71010,1922088392,8985.73,972.0,STINSON,0.279924975005899,1.29455845140215,1.44444,23425,DARRYL,Diagnostic Radiology,735039042,4506,APO,AA,3009 NW WILSON ST,0.535450495434299
45.0,0.523322126633926,Office/outpatient visit est,99214,1629189279,3237.89,34.0,WILSON,0.770524298569483,1.47237095348059,1.32353,3428,ROBERT,Emergency Medicine,32925,1208,APO,AA,45 MEDICAL GROUP,-0.193169236944756
728.0,0.0968702337751036,Chest x-ray,71020,1922088392,5408.55,654.0,STINSON,0.102712820100238,1.06031353592786,1.11315,31643,DARRYL,Diagnostic Radiology,735039042,3974,APO,AA,3009 NW WILSON ST,0.514408477768323
68.0,0.0564088232024705,X-ray exam series abdomen,74022,1922088392,726.02,67.0,STINSON,0.0586159214436324,1.03912682654697,1.01493,12919,DARRYL,Diagnostic Radiology,735039042,7011,APO,AA,3009 NW WILSON ST,-0.412882119248425
19.0,0.240105559656724,Urinalysis auto w/o scope,81003,1629189279,60.42,14.0,WILSON,0.27730360139506,1.15492370019052,1.35714,718,ROBERT,Emergency Medicine,32925,80,APO,AA,45 MEDICAL GROUP,0.729233608381993
13.0,0.0526714639092096,X-ray exam upper gi tract,74240,1922088392,284.68,13.0,STINSON,0.0536965113883192,1.01946115416265,1.0,769,DARRYL,Diagnostic Radiology,735039042,176,APO,AA,3009 NW WILSON ST,-0.362428650567506
21.0,0.0778166879133222,X-ray exam of elbow,73080,1922088392,111.41,21.0,STINSON,0.0815562360648692,1.04805586374625,1.0,7104,DARRYL,Diagnostic Radiology,735039042,3439,APO,AA,3009 NW WILSON ST,-0.589235919470654
12.0,0.0308256875635153,Hepatobiliary system imaging,78226,1922088392,321.36,12.0,STINSON,0.0312392916336009,1.01341751320983,1.0,1098,DARRYL,Diagnostic Radiology,735039042,224,APO,AA,3009 NW WILSON ST,-0.429507601107038
21.0,0.0744378179933898,X-ray exam of neck spine,72050,1922088392,201.28,21.0,STINSON,0.0753943468299002,1.01285003862681,1.0,10558,DARRYL,Diagnostic Radiology,735039042,1490,APO,AA,3009 NW WILSON ST,-0.170437694165586
24.0,0.0739284689098602,Dxa bone density axial,77080,1922088392,226.38,24.0,STINSON,0.074459677006211,1.00718543348975,1.0,12810,DARRYL,Diagnostic Radiology,735039042,429,APO,AA,3009 NW WILSON ST,-0.0965010026722286
44.0,0.0793990055104221,X-ray exam of lower spine,72100,1922088392,347.6,42.0,STINSON,0.0816329705523934,1.02813593227787,1.04762,19883,DARRYL,Diagnostic Radiology,735039042,3244,APO,AA,3009 NW WILSON ST,0.238667930073725
31.0,0.105403938442405,X-ray exam of ankle,73610,1922088392,180.88,27.0,STINSON,0.1156222463488,1.09694427036974,1.14815,17090,DARRYL,Diagnostic Radiology,735039042,3379,APO,AA,3009 NW WILSON ST,0.442855162405789
20.0,0.102294707186553,X-ray exam of thigh,73550,1922088392,130.34,19.0,STINSON,0.11272225091006,1.10193629768636,1.05263,11405,DARRYL,Diagnostic Radiology,735039042,7477,APO,AA,3009 NW WILSON ST,-0.437399720959181
13.0,0.079969893928126,Mri brain w/o & w/dye,70553,1922088392,1138.54,13.0,STINSON,0.082494074006002,1.03156412937279,1.0,14052,DARRYL,Diagnostic Radiology,735039042,7021,APO,AA,3009 NW WILSON ST,-0.382622991446606
18.0,0.14161307431865,Pet image w/ct full body,78816,1922088392,1656.9,18.0,STINSON,0.153424618123977,1.08340715616941,1.0,672,DARRYL,Diagnostic Radiology,735039042,404,APO,AA,3009 NW WILSON ST,-0.543636068248293
42.0,0.120276152525593,X-ray exam of foot,73630,1922088392,223.92,39.0,STINSON,0.134932498265733,1.12185579129679,1.07692,20040,DARRYL,Diagnostic Radiology,735039042,11593,APO,AA,3009 NW WILSON ST,-0.333001018520753
24.0,0.0741576968349961,X-ray exam of lower spine,72110,1922088392,241.23,24.0,STINSON,0.075168586599594,1.01363162298375,1.0,14048,DARRYL,Diagnostic Radiology,735039042,3147,APO,AA,3009 NW WILSON ST,-0.181347336705451
13.0,0.0700796493938093,Us exam abdo back wall comp,76770,1922088392,329.76,13.0,STINSON,0.0712016348522597,1.01601014657116,1.0,17827,DARRYL,Diagnostic Radiology,735039042,5690,APO,AA,3009 NW WILSON ST,-0.224856446124881
15.0,0.0721756239624881,Ct abd & pelv 1/> regns,74178,1922088392,1044.5,15.0,STINSON,0.073472012163864,1.01796157941149,1.0,12777,DARRYL,Diagnostic Radiology,735039042,3467,APO,AA,3009 NW WILSON ST,-0.244468320418768
33.0,0.124256073908497,X-ray exam of wrist,73110,1922088392,193.8,32.0,STINSON,0.138205968165313,1.1122673026599,1.03125,14892,DARRYL,Diagnostic Radiology,735039042,11173,APO,AA,3009 NW WILSON ST,-0.586206975975111
66.0,0.110100280305207,Pet image w/ct skull-thigh,78815,1922088392,5612.64,63.0,STINSON,0.117528009478667,1.06746330847541,1.04762,5510,DARRYL,Diagnostic Radiology,735039042,2514,APO,AA,3009 NW WILSON ST,-0.168846593914597
16.0,0.0856281528512347,Extremity study,93971,1922088392,251.7,16.0,STINSON,0.0881508314606266,1.02946085516728,1.0,16949,DARRYL,Diagnostic Radiology,735039042,8609,APO,AA,3009 NW WILSON ST,-0.334209611856459
545.0,0.0633776561509039,Comp screen mammogram add-on,77052,1922088392,1564.15,545.0,STINSON,0.0637386683900288,1.00569620685033,1.0,15498,DARRYL,Diagnostic Radiology,735039042,809,APO,AA,3009 NW WILSON ST,-0.089368149574101
17.0,0.0970571449400665,Place breast clip percut,19295,1922088392,995.73,15.0,STINSON,0.109594342466378,1.12917336002468,1.13333,3442,DARRYL,Diagnostic Radiology,735039042,1419,APO,AA,3009 NW WILSON ST,0.037957847711337
15.0,0.0923877796847553,Mri joint upr extrem w/o dye,73221,1922088392,676.42,15.0,STINSON,0.096721538291346,1.0469083532625,1.0,7678,DARRYL,Diagnostic Radiology,735039042,4494,APO,AA,3009 NW WILSON ST,-0.48498353201542
23.0,0.0957477636486712,Mri jnt of lwr extre w/o dye,73721,1922088392,1058.36,21.0,STINSON,0.102467946542867,1.07018631702829,1.09524,9726,DARRYL,Diagnostic Radiology,735039042,2143,APO,AA,3009 NW WILSON ST,0.244483991124851
328.0,0.0664520232825646,Ct head/brain w/o dye,70450,1922088392,9377.22,299.0,STINSON,0.0695159784610531,1.04610777862188,1.09699,22764,DARRYL,Diagnostic Radiology,735039042,2479,APO,AA,3009 NW WILSON ST,0.731949859374093
29.0,0.145480029163361,X-ray exam of hand,73130,1922088392,148.58,27.0,STINSON,0.170686460233306,1.1732638576917,1.07407,15681,DARRYL,Diagnostic Radiology,735039042,11061,APO,AA,3009 NW WILSON ST,-0.581122999642936
84.0,0.0725177239861554,Diagnosticmammographydigital,G0204,1922088392,2430.82,83.0,STINSON,0.0734247125628211,1.01250712966169,1.01205,10558,DARRYL,Diagnostic Radiology,735039042,1876,APO,AA,3009 NW WILSON ST,-0.00624973757958321
54.0,0.0687154417202495,X-ray exam of pelvis,72170,1922088392,353.98,51.0,STINSON,0.0709896705017245,1.03309632776187,1.05882,19018,DARRYL,Diagnostic Radiology,735039042,3297,APO,AA,3009 NW WILSON ST,0.362408468253973
180.0,0.0749061552568945,Ct thorax w/dye,71260,1922088392,6997.39,171.0,STINSON,0.0775467668286128,1.03525226415189,1.05263,21784,DARRYL,Diagnostic Radiology,735039042,4447,APO,AA,3009 NW WILSON ST,0.2241144686139
170.0,0.0696579866168384,Computer dx mammogram add-on,77051,1922088392,326.14,164.0,STINSON,0.0715626915150997,1.02734366855503,1.03659,11888,DARRYL,Diagnostic Radiology,735039042,2804,APO,AA,3009 NW WILSON ST,0.129140788481365
14.0,0.040606420328467,Emergency dept visit,99283,1629189279,653.94,13.0,WILSON,0.0418548962608648,1.03074577670966,1.07692,31668,ROBERT,Emergency Medicine,32925,3155,APO,AA,45 MEDICAL GROUP,1.10327248084142
60.0,0.0584053296157206,Ct abd & pelvis,74176,1922088392,3427.37,60.0,STINSON,0.0598813845146275,1.02527260626074,1.0,22797,DARRYL,Diagnostic Radiology,735039042,13099,APO,AA,3009 NW WILSON ST,-0.422044454475956
11.0,0.0885481401351375,X-ray exam of lower leg,73590,1922088392,71.06,11.0,STINSON,0.096678484543058,1.09181835322021,1.0,10988,DARRYL,Diagnostic Radiology,735039042,8159,APO,AA,3009 NW WILSON ST,-0.949728925253416
25.0,0.0829177781590704,Mri lumbar spine w/o dye,72148,1922088392,1211.17,25.0,STINSON,0.0841392778223431,1.01473145675623,1.0,15678,DARRYL,Diagnostic Radiology,735039042,3803,APO,AA,3009 NW WILSON ST,-0.175084183481249
53.0,0.0365572187634258,Emergency dept visit,99284,1629189279,4531.13,53.0,WILSON,0.037767896229949,1.03311732969507,1.0,33037,ROBERT,Emergency Medicine,32925,25776,APO,AA,45 MEDICAL GROUP,-0.87686455961004
107.0,0.0686881456848808,Mri brain w/o dye,70551,1922088392,5533.61,103.0,STINSON,0.0697789257196967,1.01588017879854,1.03883,14187,DARRYL,Diagnostic Radiology,735039042,1258,APO,AA,3009 NW WILSON ST,0.328963944786435
19.0,0.08423100621838,X-ray exam of abdomen,74020,1922088392,187.72,19.0,STINSON,0.0893435293974445,1.06069645144461,1.0,14738,DARRYL,Diagnostic Radiology,735039042,9402,APO,AA,3009 NW WILSON ST,-0.679360350480459
89.0,0.0813082971266541,Diagnosticmammographydigital,G0206,1922088392,1900.19,87.0,STINSON,0.0842466110596727,1.03613793471091,1.02299,11957,DARRYL,Diagnostic Radiology,735039042,5248,APO,AA,3009 NW WILSON ST,-0.156081968520356
39.0,0.0542359593255561,Bone imaging whole body,78306,1922088392,1116.29,39.0,STINSON,0.0552858827150327,1.01935843677392,1.0,7989,DARRYL,Diagnostic Radiology,735039042,2571,APO,AA,3009 NW WILSON ST,-0.350151536400352
23.0,0.0715909070181908,Us exam abdom complete,76700,1922088392,654.24,23.0,STINSON,0.0725992126199398,1.01408426913061,1.0,16484,DARRYL,Diagnostic Radiology,735039042,4198,APO,AA,3009 NW WILSON ST,-0.194000301412998
66.0,0.140481945910776,X-ray exam knee 4 or more,73564,1922088392,517.51,57.0,STINSON,0.165865185523767,1.18068684519157,1.15789,10472,DARRYL,Diagnostic Radiology,735039042,4867,APO,AA,3009 NW WILSON ST,-0.137413493685633
61.0,0.0920957699276798,X-ray exam of hip,73510,1922088392,479.94,56.0,STINSON,0.0987070963286575,1.07178751430353,1.08929,22220,DARRYL,Diagnostic Radiology,735039042,6221,APO,AA,3009 NW WILSON ST,0.177274154168446
17.0,0.031031077794439,Anesth upper gi visualize,00740,1841458700,2229.92,16.0,LAWSON,0.031586924103562,1.0179125685806,1.0625,15532,TAMARA,Anesthesiology,203075001,1215,APO,AA,6900 GEORGIA AVE NW,1.41157876826532
12.0,0.0295351478572459,Lung ventilat&perfus imaging,78582,1922088392,425.31,12.0,STINSON,0.0298610451018135,1.01103421747346,1.0,6163,DARRYL,Diagnostic Radiology,735039042,1407,APO,AA,3009 NW WILSON ST,-0.369518797344094
11.0,0.0551808415936403,Anesth correct heart rhythm,00410,1841458700,1021.4,11.0,LAWSON,0.0570463181487448,1.03380659847202,1.0,668,TAMARA,Anesthesiology,203075001,251,APO,AA,6900 GEORGIA AVE NW,-0.592616659043192
49.0,0.09666211076613,X-ray exam of shoulder,73030,1922088392,331.65,44.0,STINSON,0.105633620247372,1.09281309305306,1.11364,21341,DARRYL,Diagnostic Radiology,735039042,6017,APO,AA,3009 NW WILSON ST,0.19712740481437
