num_of_services,variation_coefficient_serv_per_bene,service_description,service_billing_code,npi,total_payments,num_of_beneficiaries,nppes_provider_last_org_name,national_stddev_serv_per_bene,national_avg_serv_per_bene,services_per_bene,num_of_providers,nppes_provider_first_name,provider_specialty,nppes_provider_zip,national_rank,nppes_provider_city,nppes_provider_state,nppes_provider_street,stddev_above_avg
22.0,0.604681120058066,Office/outpatient visit est,99213,1952374662,1191.52,20.0,JOHNSON,0.932400601647034,1.54197075238185,1.1,3758,NATHAN,Emergency Medicine,96362,2175,KINSER,ZZ,KINSER FAMILY PRACTICE,-0.47401377450773
44.0,0.288872274480656,Path consult intraop 1 bloc,88331,1265670897,2329.9,22.0,AHN,0.476041595331093,1.64793106637505,2.0,6758,GEUNG HWAN,Pathology,135  710,1052,"SEOUL, KOREA",ZZ,SAMSUNG MED CTR/PATHOL.,0.739575988900893
15.0,0.0167244477459718,Office/outpatient visit new,99202,1144253352,759.13,15.0,LOEFFLER,0.0167380574072428,1.00081375848564,1.0,1379,JOYCE,Urology,06135,14,GRASSE,ZZ,CENTRE HOSPITALIER DE GRASSE,-0.048617259807482
12.0,0.0416244106355828,Upper gi endoscopy biopsy,43239,1033313028,887.36,12.0,ZAGNOON,0.0432583771994279,1.03925500779219,1.0,11419,ABBAS,Gastroenterology,21499,8935,JEDDAH,ZZ,1 AMEER ABDULLH STREET,-0.90745447086976
19.0,0.0751136344280534,Ct thorax w/o dye,71250,1972578763,3806.4,19.0,BIONDI,0.0774462308486621,1.03105423453904,1.0,21521,MICHAEL,Diagnostic Radiology,09645,11601,FPO,ZZ,PSC 819 BOX 18-5,-0.400977997234313
122.0,0.0336797314708115,Emergency dept visit,99285,1184603110,16025.9,121.0,GLUCK,0.0350592234411451,1.040959114283,1.00826,32517,GARY,Emergency Medicine,FPO AE 09645,27767,ROTA,ZZ,NH ROTA,-0.932556076753849
42.0,0.352348656791981,Routine venipuncture,36415,1578705828,126.0,41.0,SYDOW,0.49093458953485,1.39332045140926,1.02439,4856,EDWARD,Physician Assistant,APO AE  09112,4164,GRAFENWOEHR,ZZ,USA MEDDAC BAVARIA,-0.751485510761681
14.0,0.0552245018763376,Anesth chest procedure,00520,1447233218,1325.23,14.0,LIGNELL,0.0567477037820409,1.02758199447619,1.0,873,MARK,Anesthesiology,96350,268,YOKOSUKA,ZZ,USNH,-0.486046000770805
284.0,0.232596009345123,Office/outpatient visit est,99213,1598755449,16212.8,204.0,POGODZINSKI,0.34184812873952,1.46970762611963,1.39216,8193,MATTHEW,Otolaryngology,96328,4450,APO,ZZ,374 MDOS/SGOSL,-0.226857426526961
26.0,0.0955585275772612,Microslide consultation,88321,1265670897,1864.53,26.0,AHN,0.100996833030488,1.05691072886018,1.0,2175,GEUNG HWAN,Pathology,135  710,1191,"SEOUL, KOREA",ZZ,SAMSUNG MED CTR/PATHOL.,-0.563490231847128
33.0,0.107004764703765,Mri both breasts,77059,1972578763,1924.36,33.0,BIONDI,0.109863532737026,1.02671626858089,1.0,1702,MICHAEL,Diagnostic Radiology,09645,461,FPO,ZZ,PSC 819 BOX 18-5,-0.243176856917954
21.0,0.054820522849818,Anesth skin ext/per/atrunk,00400,1447233218,1973.62,21.0,LIGNELL,0.0561545419952262,1.02433430175525,1.0,7302,MARK,Anesthesiology,96350,2097,YOKOSUKA,ZZ,USNH,-0.433345209321115
154.0,0.481022206322646,Subsequent hospital care,99232,1033286810,7951.95,50.0,ALI,1.38513715046593,2.87957007443611,3.08,6574,AMIR,Nephrology,54000,2057,LAHORE,ZZ,210 A UPPER MALL,0.144700363572318
19.0,0.0336797314708115,Emergency dept visit,99285,1679730766,2673.62,19.0,SCHNEIDMAN,0.0350592234411451,1.040959114283,1.0,32517,SYDNEY,Emergency Medicine,LA2 8JP,28748,HORNBY,ZZ,26 STATION RD,-1.16828355744265
33.0,0.529964526907175,Subsequent hospital care,99232,1497083901,1792.56,28.0,ATALLA,0.999667440724102,1.88629123265678,1.17857,6042,NADER,Neurology,A1B 3V6,5403,ST. JOHN'S,ZZ,HEALTH SCIENCES CENTER,-0.707955207096592
26.0,0.054820522849818,Anesth skin ext/per/atrunk,00400,1982841961,2896.7,26.0,SCOPE,0.0561545419952262,1.02433430175525,1.0,7302,KENNETH,Anesthesiology,1010,2097,CARACAS,ZZ,"HOSPITAL PRIVADO CENTROMEDICO DECARACAS, SAN BERNARDINO",-0.433345209321115
30.0,0.102294707186553,X-ray exam of thigh,73550,1972578763,212.22,27.0,BIONDI,0.11272225091006,1.10193629768636,1.11111,11405,MICHAEL,Diagnostic Radiology,09645,3922,FPO,ZZ,PSC 819 BOX 18-5,0.081393569881601
242.0,0.881218936723502,Medication management,90862,1144205709,6744.64,149.0,CAVENAR,2.8510850179599,3.23538782378036,1.62416,13189,JESSE,Psychiatry,69124,11003,HEIDELBERG,ZZ,KARLSRUHER STRASSE,-0.565127552984671
15.0,0.0749061552568945,Ct thorax w/dye,71260,1972578763,2816.76,15.0,BIONDI,0.0775467668286128,1.03525226415189,1.0,21784,MICHAEL,Diagnostic Radiology,09645,12608,FPO,ZZ,PSC 819 BOX 18-5,-0.454593603235557
22.0,0.0230737588069308,Anesth pacemaker insertion,00530,1447233218,2049.78,22.0,LIGNELL,0.0232729845228109,1.00863429827568,1.0,624,MARK,Anesthesiology,96350,94,YOKOSUKA,ZZ,USNH,-0.371000903094992
15.0,0.0563025264376807,Ct maxillofacial w/o dye,70486,1972578763,631.4,15.0,BIONDI,0.05695348911952,1.01156187338342,1.0,12649,MICHAEL,Diagnostic Radiology,09645,2246,FPO,ZZ,PSC 819 BOX 18-5,-0.20300553244702
269.0,0.0365572187634258,Emergency dept visit,99284,1649268871,23306.9,258.0,STRODE,0.037767896229949,1.03311732969507,1.04264,33037,CHRISTOFER,Emergency Medicine,96205-0054,9196,APO,ZZ,18TH MEDCOM: ATTN: DCCS-QM(CREDENTIALS),0.252022233167844
43.0,0.666708763743532,Draw blood off venous device,36591,1073593398,674.91,22.0,EGE,1.93003870512099,2.89487525900205,1.95455,600,HILMI,Hematology/Oncology,35211,359,IZMIR,ZZ,HILMI EGE,-0.487207722110845
267.0,0.619166323808431,Subsequent hospital care,99232,1154648467,15552.7,150.0,PAZO,1.73367936690052,2.80002206230602,1.78,48081,VALERIA,Internal Medicine,C1181ACH,37399,BUENOS AIRES,ZZ,450 GASCON,-0.588356826752717
35.0,0.232596009345123,Office/outpatient visit est,99213,1619188802,1179.24,30.0,BLOCH,0.34184812873952,1.46970762611963,1.16667,8193,ISAC,Otolaryngology,15295,7149,GALIL TACHTON,ZZ,MITZPE NETOFA,-0.886478449675251
204.0,0.0283323841270109,Anesth upper gi visualize,00740,1053391391,21438.3,198.0,PERSONS,0.0287347183639555,1.01420050762904,1.0303,17101,BRENT,CRNA,09180,3242,APO,ZZ,LANDSTUHL REGIONAL MEDICAL CENTER,0.560384604115817
44.0,0.142848823550394,Critical care first hour,99291,1649268871,7394.95,44.0,STRODE,0.146227909401061,1.02365497850583,1.0,23177,CHRISTOFER,Emergency Medicine,96205-0054,9410,APO,ZZ,18TH MEDCOM: ATTN: DCCS-QM(CREDENTIALS),-0.161767877300008
177.0,0.103968428435801,Hospital discharge day,99239,1982734109,14020.2,159.0,YAZGAN,0.115670014552363,1.11254941805519,1.11321,2066,IZZET,Psychiatry,34667,831,ISTANBUL,ZZ,MARMARA UNIVERSITY HOSPITAL,0.00568998462058519
44.0,0.161784400499368,Chest x-ray,71020,1578705828,808.92,44.0,SYDOW,0.176573806832474,1.09141429141164,1.0,1664,EDWARD,Physician Assistant,APO AE  09112,987,GRAFENWOEHR,ZZ,USA MEDDAC BAVARIA,-0.517711505752199
121.0,0.0365572187634258,Emergency dept visit,99284,1306854732,10171.9,116.0,BRICE,0.037767896229949,1.03311732969507,1.0431,33037,MATTHEW,Emergency Medicine,09180,9050,APO,ZZ,"LRMC, CMR 402",0.264407811897175
11.0,0.128405511334357,Echo guide for biopsy,76942,1972578763,306.79,11.0,BIONDI,0.139924564174888,1.08970839896845,1.0,9576,MICHAEL,Diagnostic Radiology,09645,6575,FPO,ZZ,PSC 819 BOX 18-5,-0.64111973117408
52.0,0.619166323808431,Subsequent hospital care,99232,1942483748,2886.0,28.0,RAEF,1.73367936690052,2.80002206230602,1.85714,48081,HUSSEIN,Internal Medicine,11211,35444,RIYADH,ZZ,"KING FAISAL HOSPITAL, DEPT OF MEDICINE, TAKASSUSI STREE",-0.54386022828347
39.0,0.0853416442440136,Ct angio abdominal arteries,75635,1174790489,3528.27,39.0,BAYONA MOLANO,0.0870362804198615,1.01985708373514,1.0,1760,MARIA,Diagnostic Radiology,571,389,BOGOTA,ZZ,CARRERA 55B 18631 APTO 101 INT 2,-0.228147200677127
50.0,0.619166323808431,Subsequent hospital care,99232,1831164607,2854.5,34.0,ELLIS,1.73367936690052,2.80002206230602,1.47059,48081,BRADLEY,Internal Medicine,09824,43724,APO,ZZ,PSC 94 BOX 2547,-0.766827984714333
30.0,0.0739284689098602,Dxa bone density axial,77080,1972578763,318.6,30.0,BIONDI,0.074459677006211,1.00718543348975,1.0,12810,MICHAEL,Diagnostic Radiology,09645,429,FPO,ZZ,PSC 819 BOX 18-5,-0.0965010026722286
59.0,0.498946455845117,Office/outpatient visit est,99213,1467461558,2220.96,17.0,KRATT,0.945047100717593,1.89408520623094,3.47059,64877,LOGAN,Family Practice,09096,3270,APO,ZZ,WIESBADEN HEALTH CLINIC,1.66817399875294
26.0,0.195075853327719,Access av dial grft for eval,36147,1174790489,2276.36,25.0,BAYONA MOLANO,0.237061762472891,1.21522863249834,1.04,1542,MARIA,Diagnostic Radiology,571,1326,BOGOTA,ZZ,CARRERA 55B 18631 APTO 101 INT 2,-0.739168851262357
24.0,0.619166323808431,Subsequent hospital care,99232,1851683395,1293.6,14.0,KHAN,1.73367936690052,2.80002206230602,1.71429,48081,ANWAAR,Internal Medicine,54590,38886,LAHORE,ZZ,DOCTORS HOSPITAL& MEDICAL CENTER,-0.626261321279662
163.0,0.0777992457897986,Screeningmammographydigital,G0202,1972578763,25012.3,163.0,BIONDI,0.0784089097213542,1.00783637328828,1.0,15816,MICHAEL,Diagnostic Radiology,09645,421,FPO,ZZ,PSC 819 BOX 18-5,-0.0999423830292883
30.0,0.123831241686767,Hospital discharge day,99238,1982734109,1608.6,29.0,YAZGAN,0.140221928792749,1.13236310064178,1.03448,3395,IZZET,Psychiatry,34667,2675,ISTANBUL,ZZ,MARMARA UNIVERSITY HOSPITAL,-0.698039058301735
34.0,0.233837964685738,Artery x-rays abdomen,75726,1174790489,1467.6,17.0,BAYONA MOLANO,0.453551519117089,1.93959744614879,2.0,381,MARIA,Diagnostic Radiology,571,150,BOGOTA,ZZ,CARRERA 55B 18631 APTO 101 INT 2,0.133176830647142
134.0,0.619166323808431,Subsequent hospital care,99232,1629215371,7877.86,73.0,SUDHAKAR,1.73367936690052,2.80002206230602,1.83562,48081,RAJEEV,Internal Medicine,500045,35997,HYDERABAD,ZZ,"SV AKKINAPALLY MANSION ,PLOT 126 & 127, RAJEEV NAGAR",-0.556276789892787
257.0,0.0777992457897986,Screeningmammographydigital,G0202,1972578763,9421.62,257.0,BIONDI,0.0784089097213542,1.00783637328828,1.0,15816,MICHAEL,Diagnostic Radiology,09645,421,FPO,ZZ,PSC 819 BOX 18-5,-0.0999423830292883
223.0,0.283096207758875,Electrocardiogram report,93010,1831164607,1509.38,191.0,ELLIS,0.362422692283164,1.28021033963074,1.16754,10119,BRADLEY,Internal Medicine,09824,5126,APO,ZZ,PSC 94 BOX 2547,-0.310883129285301
26.0,0.49426268344472,Eye exam established pat,92012,1023287067,1085.5,26.0,DURHAM,0.632531274304032,1.27974717794931,1.0,8698,MICHELLE,Optometry,09461,7031,APO,ZZ,48 MDG/ UNIT 5210 BOX 230,-0.442266160289243
28.0,0.0510371531014336,Ct lumbar spine w/o dye,72131,1972578763,889.19,28.0,BIONDI,0.0517629691279693,1.01422132666948,1.0,10173,MICHAEL,Diagnostic Radiology,09645,2359,FPO,ZZ,PSC 819 BOX 18-5,-0.274739392060777
24.0,0.10893388398816,X-ray control cath insert,74475,1174790489,498.48,20.0,BAYONA MOLANO,0.135749674660815,1.24616574467839,1.2,185,MARIA,Diagnostic Radiology,571,108,BOGOTA,ZZ,CARRERA 55B 18631 APTO 101 INT 2,-0.340079614260796
21.0,0.59682897077883,Ther/proph/diag inj sc/im,96372,1477741817,232.57,17.0,PEREIRA,1.49744784223814,2.50900662594186,1.23529,20118,RODRIGO,Family Practice,27281470,17689,VOLTA REDONDA,ZZ,"RUA PARA, 245, APT 101",-0.850588906265797
186.0,0.619166323808431,Subsequent hospital care,99232,1255477055,10207.6,86.0,VAJO,1.73367936690052,2.80002206230602,2.16279,48081,ZOLTAN,Internal Medicine,2030,27827,ERD,ZZ,GYONGYVIRAG U 26,-0.367560057051491
60.0,0.0751136344280534,Ct thorax w/o dye,71250,1972578763,2162.56,59.0,BIONDI,0.0774462308486621,1.03105423453904,1.01695,21521,MICHAEL,Diagnostic Radiology,09645,9971,FPO,ZZ,PSC 819 BOX 18-5,-0.182127104135971
169.0,0.373782212093702,Routine venipuncture,36415,1477741817,507.0,138.0,PEREIRA,0.671008643331147,1.7951861314442,1.22464,32613,RODRIGO,Family Practice,27281470,26709,VOLTA REDONDA,ZZ,"RUA PARA, 245, APT 101",-0.850284880102509
13.0,0.456378489970699,Office/outpatient visit est,99212,1578705828,320.16,12.0,SYDOW,0.575582679550369,1.26119589813999,1.08333,7099,EDWARD,Physician Assistant,APO AE  09112,4407,GRAFENWOEHR,ZZ,USA MEDDAC BAVARIA,-0.309012990469364
21.0,0.228137322848269,Repair venous blockage,35476,1174790489,4591.29,17.0,BAYONA MOLANO,0.299427853028369,1.31248955361642,1.23529,1313,MARIA,Diagnostic Radiology,571,694,BOGOTA,ZZ,CARRERA 55B 18631 APTO 101 INT 2,-0.257809850397135
20.0,0.243642096667457,Electro-uroflowmetry first,51741,1144253352,308.75,17.0,LOEFFLER,0.286818826750686,1.17721375194928,1.17647,4873,JOYCE,Urology,06135,1475,GRASSE,ZZ,CENTRE HOSPITALIER DE GRASSE,-0.00259088511107559
45.0,0.0022600691656208,Office/outpatient visit new,99203,1144253352,3909.6,45.0,LOEFFLER,0.00226049898503945,1.00019017976316,1.0,5846,JOYCE,Urology,06135,71,GRASSE,ZZ,CENTRE HOSPITALIER DE GRASSE,-0.0841317622452343
747.0,0.46475875229318,Subsequent hospital care,99233,1366658627,60563.6,451.0,RANAWAT,0.770723383607475,1.65833000412499,1.65632,4174,NISHANT,Neurology,302012,1451,JAIPUR,ZZ,9 OFFICERS' CAMPUS EXTN,-0.00260890427166039
104.0,0.231338579250585,Tissue exam by pathologist,88307,1265670897,7297.66,48.0,AHN,0.340081852323721,1.470061126101,2.16667,8690,GEUNG HWAN,Pathology,135  710,342,"SEOUL, KOREA",ZZ,SAMSUNG MED CTR/PATHOL.,2.04834693553548
15.0,0.737640504691524,Office/outpatient visit est,99213,1144205709,594.09,15.0,CAVENAR,1.59836144698951,2.16685694023531,1.0,1061,JESSE,Psychiatry,69124,973,HEIDELBERG,ZZ,KARLSRUHER STRASSE,-0.730033211469829
12.0,0.0920957699276798,X-ray exam of hip,73510,1972578763,269.38,12.0,BIONDI,0.0987070963286575,1.07178751430353,1.0,22220,MICHAEL,Diagnostic Radiology,09645,16815,FPO,ZZ,PSC 819 BOX 18-5,-0.727278148923572
28.0,0.0821195041268391,Us exam breast(s),76645,1972578763,1778.68,27.0,BIONDI,0.084830040423851,1.03300721705315,1.03704,12406,MICHAEL,Diagnostic Radiology,09645,3495,FPO,ZZ,PSC 819 BOX 18-5,0.0475043733087215
24.0,0.0700796493938093,Us exam abdo back wall comp,76770,1972578763,709.32,24.0,BIONDI,0.0712016348522597,1.01601014657116,1.0,17827,MICHAEL,Diagnostic Radiology,09645,5690,FPO,ZZ,PSC 819 BOX 18-5,-0.224856446124881
26.0,0.0627422478346768,Initial hospital care,99221,1013997964,2163.2,26.0,TESORIERO,0.0646841344458576,1.03095022378378,1.0,3775,RONALD,General Surgery,96362,1586,FPO,ZZ,USNH OKINAWA,-0.478482460172513
14.0,0.0187803658093304,Anesth knee joint surgery,01400,1710950506,2677.88,14.0,DAVIS,0.0188761927706027,1.00510250770647,1.0,1523,ROGER,CRNA,96362,127,FPO,ZZ,PSC 482,-0.270314452097117
367.0,0.46475875229318,Subsequent hospital care,99233,1497083901,28582.0,132.0,ATALLA,0.770723383607475,1.65833000412499,2.7803,4174,NADER,Neurology,A1B 3V6,252,ST. JOHN'S,ZZ,HEALTH SCIENCES CENTER,1.45574018012438
12.0,0.118630022403374,Initial hospital care,99222,1790956803,1353.84,12.0,DONROE,0.127263519713791,1.07277666424997,1.0,27819,JOSEPH,Internal Medicine,100048,15917,BEIJING,ZZ,"9-11 JIANGTAI XI ROAD,",-0.571858018807285
11.0,0.118146451549463,Emergency dept visit,99282,1306854732,343.42,11.0,BRICE,0.121438097153657,1.02786072337362,1.0,7779,MATTHEW,Emergency Medicine,09180,2509,APO,ZZ,"LRMC, CMR 402",-0.229423253712304
11.0,0.0184541215799544,Anesth hip arthroplasty,01214,1982663035,1756.76,11.0,MCCORMICK,0.0185538329650624,1.00540320408511,1.0,1144,DAVID,CRNA,09042,105,APO,ZZ,CMR 442,-0.291217674282421
17.0,0.583064598556919,Subsequent hospital care,99231,1033286810,513.57,15.0,ALI,1.01190986826732,1.73550215665947,1.13333,3370,AMIR,Nephrology,54000,2822,LAHORE,ZZ,210 A UPPER MALL,-0.595081489129571
12.0,0.131794981010938,Electrocardiogram complete,93000,1477741817,140.7,11.0,PEREIRA,0.140814187125748,1.06843360836375,1.09091,26849,RODRIGO,Family Practice,27281470,6418,VOLTA REDONDA,ZZ,"RUA PARA, 245, APT 101",0.159611155067047
57.0,0.0821195041268391,Us exam breast(s),76645,1972578763,1131.69,55.0,BIONDI,0.084830040423851,1.03300721705315,1.03636,12406,MICHAEL,Diagnostic Radiology,09645,3583,FPO,ZZ,PSC 819 BOX 18-5,0.0395659911824408
16.0,0.0225124830487168,Anesth knee arthroplasty,01402,1982663035,1997.91,15.0,MCCORMICK,0.0226843643646796,1.00763493372059,1.06667,4954,DAVID,CRNA,09042,194,APO,ZZ,CMR 442,2.60231177863609
20.0,0.352822838123238,Drain/inject joint/bursa,20610,1831180645,644.8,16.0,APPLETON,0.620648665036572,1.75909436117564,1.25,16498,PAUL,Orthopedic Surgery,EH16 4 SA,13775,EDINBURGH,ZZ,ROYAL INFIRMARY OF EDINBURGH,-0.820261751703982
33.0,0.185383103171144,Urinalysis auto w/o scope,81003,1578705828,104.94,33.0,SYDOW,0.21643561752111,1.16750455580247,1.0,1988,EDWARD,Physician Assistant,APO AE  09112,1574,GRAFENWOEHR,ZZ,USA MEDDAC BAVARIA,-0.773923246649238
18.0,0.0244417065804843,Anesth surg lower abdomen,00840,1447233218,2995.32,18.0,LIGNELL,0.0246318005080169,1.0077774408635,1.0,3400,MARK,Anesthesiology,96350,373,YOKOSUKA,ZZ,USNH,-0.315747964139522
14.0,0.0637595010751289,Initial hospital care,99223,1033313028,2134.86,13.0,ZAGNOON,0.0668364659637278,1.04825892355985,1.07692,4952,ABBAS,Gastroenterology,21499,1083,JEDDAH,ZZ,1 AMEER ABDULLH STREET,0.428870796347217
57.0,0.126423189096286,Hospital discharge day,99239,1255477055,4670.58,57.0,VAJO,0.138519513808287,1.09568121796697,1.0,27572,ZOLTAN,Internal Medicine,2030,21179,ERD,ZZ,GYONGYVIRAG U 26,-0.690741797573676
22.0,0.00480626903559559,Office/outpatient visit new,99204,1730319633,2241.46,22.0,LINDPAINTNER,0.0048083615045036,1.00043536241782,1.0,18893,LYN,Internal Medicine,CH4132,238,MUTTENZ,ZZ,DUERRBERGSTRASSE 19,-0.0905427799901755
50.0,0.230352262447117,Nasal endoscopy dx,31231,1598755449,8055.74,46.0,POGODZINSKI,0.303899328869383,1.31928085116659,1.08696,4567,MATTHEW,Otolaryngology,96328,3627,APO,ZZ,374 MDOS/SGOSL,-0.764477996788757
24.0,0.0745378800928253,Anesth vascular shunt surg,01844,1982841961,3666.81,24.0,SCOPE,0.0781944176630342,1.0490560982638,1.0,2392,KENNETH,Anesthesiology,1010,1111,CARACAS,ZZ,"HOSPITAL PRIVADO CENTROMEDICO DECARACAS, SAN BERNARDINO",-0.627360618953607
24.0,0.0293372509154363,Insert/place heart catheter,93503,1447233218,2773.44,24.0,LIGNELL,0.0294498456769607,1.00383794520656,1.0,2911,MARK,Anesthesiology,96350,241,YOKOSUKA,ZZ,USNH,-0.130321402993243
30.0,1.21800118160817,Hydrate iv infusion add-on,96361,1073593398,352.53,14.0,EGE,5.62455254248516,4.61785475040253,2.14286,2228,HILMI,Hematology/Oncology,35211,1845,IZMIR,ZZ,HILMI EGE,-0.440034590657664
15.0,0.142448153677254,Hospital discharge day,99238,1790956803,888.0,15.0,DONROE,0.158462172843171,1.11241998406101,1.0,30717,JOSEPH,Internal Medicine,100048,21292,BEIJING,ZZ,"9-11 JIANGTAI XI ROAD,",-0.709443661183872
25.0,0.336554527146751,Hosp manage cont drug admin,01996,1447233218,1409.9,21.0,LIGNELL,0.453556124441003,1.34764529327884,1.19048,2453,MARK,Anesthesiology,96350,1169,YOKOSUKA,ZZ,USNH,-0.346526274669134
27.0,0.126423189096286,Hospital discharge day,99239,1154648467,2341.98,27.0,PAZO,0.138519513808287,1.09568121796697,1.0,27572,VALERIA,Internal Medicine,C1181ACH,21179,BUENOS AIRES,ZZ,450 GASCON,-0.690741797573676
496.0,0.498946455845117,Office/outpatient visit est,99213,1467461558,22293.4,181.0,KRATT,0.945047100717593,1.89408520623094,2.74033,64877,LOGAN,Family Practice,09096,7639,APO,ZZ,WIESBADEN HEALTH CLINIC,0.895453998523657
149.0,0.352348656791981,Routine venipuncture,36415,1851594634,447.0,132.0,WANG,0.49093458953485,1.39332045140926,1.12879,4856,ZHIJIAN,Physician Assistant,N8X 1M7,3118,WINDSOR,ZZ,1463 PELISSIER STREET,-0.538834667332008
12.0,0.168352598628236,Anesth perc img tx sp proc,01936,1447233218,864.59,12.0,LIGNELL,0.186435238557778,1.10740933063631,1.0,1358,MARK,Anesthesiology,96350,795,YOKOSUKA,ZZ,USNH,-0.576121399941353
12.0,0.027999675265955,Echo transesophageal,93312,1447233218,1056.12,12.0,LIGNELL,0.0282775159324455,1.00992299602947,1.0,1558,MARK,Anesthesiology,96350,326,YOKOSUKA,ZZ,USNH,-0.350914700328491
291.0,0.527972125149851,Office/outpatient visit est,99213,1073593398,13192.3,220.0,EGE,1.06186403092295,2.01121229765978,1.32273,6414,HILMI,Hematology/Oncology,35211,4808,IZMIR,ZZ,HILMI EGE,-0.648373949047821
47.0,0.0136256847079488,Anesth low intestine scope,00810,1447233218,4116.57,47.0,LIGNELL,0.0136952396772705,1.00510469534651,1.0,13049,MARK,Anesthesiology,96350,2688,YOKOSUKA,ZZ,USNH,-0.372735013537944
89.0,0.118630022403374,Initial hospital care,99222,1154648467,9842.51,87.0,PAZO,0.127263519713791,1.07277666424997,1.02299,27819,VALERIA,Internal Medicine,C1181ACH,14044,BUENOS AIRES,ZZ,450 GASCON,-0.391220567735275
31.0,0.498533079032492,Critical care first hour,99291,1366658627,5502.5,30.0,RANAWAT,0.858774616022528,1.7226030771903,1.03333,1243,NISHANT,Neurology,302012,977,JAIPUR,ZZ,9 OFFICERS' CAMPUS EXTN,-0.802620108682897
27.0,0.00608601897482742,Eye exam new patient,92004,1023287067,2307.08,27.0,DURHAM,0.00609035740610015,1.00071285207796,1.0,15757,MICHELLE,Optometry,09461,465,APO,ZZ,48 MDG/ UNIT 5210 BOX 230,-0.117046017242055
47.0,0.09666211076613,X-ray exam of shoulder,73030,1972578763,346.45,45.0,BIONDI,0.105633620247372,1.09281309305306,1.04444,21341,MICHAEL,Diagnostic Radiology,09645,15356,FPO,ZZ,PSC 819 BOX 18-5,-0.457890689956873
20.0,0.118630022403374,Initial hospital care,99222,1629215371,2159.6,20.0,SUDHAKAR,0.127263519713791,1.07277666424997,1.0,27819,RAJEEV,Internal Medicine,500045,15917,HYDERABAD,ZZ,"SV AKKINAPALLY MANSION ,PLOT 126 & 127, RAJEEV NAGAR",-0.571858018807285
11.0,0.0224465683698938,Anesth hip joint surgery,01210,1447233218,1354.85,11.0,LIGNELL,0.0225981424007583,1.00675265939839,1.0,664,MARK,Anesthesiology,96350,63,YOKOSUKA,ZZ,USNH,-0.298814799846668
17.0,0.118630022403374,Initial hospital care,99222,1831164607,1765.72,17.0,ELLIS,0.127263519713791,1.07277666424997,1.0,27819,BRADLEY,Internal Medicine,09824,15917,APO,ZZ,PSC 94 BOX 2547,-0.571858018807285
32.0,0.142448153677254,Hospital discharge day,99238,1255477055,1734.8,32.0,VAJO,0.158462172843171,1.11241998406101,1.0,30717,ZOLTAN,Internal Medicine,2030,21292,ERD,ZZ,GYONGYVIRAG U 26,-0.709443661183872
31.0,0.142848823550394,Critical care first hour,99291,1306854732,5216.37,31.0,BRICE,0.146227909401061,1.02365497850583,1.0,23177,MATTHEW,Emergency Medicine,09180,9410,APO,ZZ,"LRMC, CMR 402",-0.161767877300008
12.0,0.0503312454982387,Anesth bladder surgery,00910,1447233218,761.03,12.0,LIGNELL,0.0518446016514726,1.03006792576367,1.0,4976,MARK,Anesthesiology,96350,1792,YOKOSUKA,ZZ,USNH,-0.579962518871294
29.0,0.118630022403374,Initial hospital care,99222,1255477055,2644.44,29.0,VAJO,0.127263519713791,1.07277666424997,1.0,27819,ZOLTAN,Internal Medicine,2030,15917,ERD,ZZ,GYONGYVIRAG U 26,-0.571858018807285
24.0,0.396960849690318,Office/outpatient visit est,99215,1558358077,2436.3,22.0,HOOK,0.503955161685426,1.26953366327832,1.09091,16837,WILLIAM,Family Practice,09094,9452,APO,ZZ,435 MDG,-0.35444530275316
13.0,0.142848823550394,Critical care first hour,99291,1972661726,2235.74,13.0,HUGELMEYER,0.146227909401061,1.02365497850583,1.0,23177,CHARLES,Emergency Medicine,3328RJ,9410,DORDRECHT,ZZ,WATERMAN 155,-0.161767877300008
153.0,0.284414805420845,Office/outpatient visit est,99213,1831180645,5825.0,105.0,APPLETON,0.430673098220504,1.51424289457521,1.45714,19671,PAUL,Orthopedic Surgery,EH16 4 SA,9495,EDINBURGH,ZZ,ROYAL INFIRMARY OF EDINBURGH,-0.132583309512761
11.0,0.142848823550394,Critical care first hour,99291,1184603110,1936.44,11.0,GLUCK,0.146227909401061,1.02365497850583,1.0,23177,GARY,Emergency Medicine,FPO AE 09645,9410,ROTA,ZZ,NH ROTA,-0.161767877300008
13.0,0.0212570505741266,Anesth surg upper abdomen,00790,1982841961,2496.58,13.0,SCOPE,0.0214054960366764,1.00698335180754,1.0,10482,KENNETH,Anesthesiology,1010,1312,CARACAS,ZZ,"HOSPITAL PRIVADO CENTROMEDICO DECARACAS, SAN BERNARDINO",-0.326241064237591
26.0,0.629627662997763,Subsequent hospital care,99233,1538128665,2027.48,19.0,STENZLER,1.51159147766927,2.40077043386615,1.36842,8509,BENJAMIN,Family Practice,09175,7232,APO,ZZ,USAHC-DARMSTADT CLINIC,-0.682955263633572
20.0,0.0247579239482548,Ins endovas vena cava filtr,37191,1174790489,3721.36,20.0,BAYONA MOLANO,0.0249107485382991,1.00617275464468,1.0,895,MARIA,Diagnostic Radiology,571,79,BOGOTA,ZZ,CARRERA 55B 18631 APTO 101 INT 2,-0.247794827810629
16.0,0.079969893928126,Mri brain w/o & w/dye,70553,1972578763,9045.46,16.0,BIONDI,0.082494074006002,1.03156412937279,1.0,14052,MICHAEL,Diagnostic Radiology,09645,7021,FPO,ZZ,PSC 819 BOX 18-5,-0.382622991446606
77.0,0.405432406551036,Office/outpatient visit est,99214,1578705828,4792.73,75.0,SYDOW,0.532712558362157,1.31393679872282,1.02667,14818,EDWARD,Physician Assistant,APO AE  09112,11606,GRAFENWOEHR,ZZ,USA MEDDAC BAVARIA,-0.539259217711498
19.0,0.145480029163361,X-ray exam of hand,73130,1972578763,100.66,16.0,BIONDI,0.170686460233306,1.1732638576917,1.1875,15681,MICHAEL,Diagnostic Radiology,09645,5111,FPO,ZZ,PSC 819 BOX 18-5,0.0834052231726061
30.0,0.500853165211751,Prothrombin time,85610,1467461558,166.8,11.0,KRATT,2.98275003160914,5.95533828831468,2.72727,14015,LOGAN,Family Practice,09096,12009,APO,ZZ,WIESBADEN HEALTH CLINIC,-1.08224474232125
85.0,0.413408847181654,Office/outpatient visit est,99214,1073593398,6250.94,53.0,EGE,1.03666524905021,2.50760296040469,1.60377,7431,HILMI,Hematology/Oncology,35211,6075,IZMIR,ZZ,HILMI EGE,-0.871862317493707
22.0,0.142448153677254,Hospital discharge day,99238,1942483748,1224.52,22.0,RAEF,0.158462172843171,1.11241998406101,1.0,30717,HUSSEIN,Internal Medicine,11211,21292,RIYADH,ZZ,"KING FAISAL HOSPITAL, DEPT OF MEDICINE, TAKASSUSI STREE",-0.709443661183872
11.0,0.0687154417202495,X-ray exam of pelvis,72170,1972578763,215.28,11.0,BIONDI,0.0709896705017245,1.03309632776187,1.0,19018,MICHAEL,Diagnostic Radiology,09645,10177,FPO,ZZ,PSC 819 BOX 18-5,-0.466213288890609
175.0,0.969119540921312,Therapeutic activities,97530,1164583340,5351.28,23.0,SVALYA,11.9612117357529,12.3423491434108,7.6087,1533,HEATHER,Occupational therapist,96362,897,FPO,ZZ,PSC 482,-0.395750342100548
27.0,0.118146451549463,Emergency dept visit,99282,1972661726,798.28,26.0,HUGELMEYER,0.121438097153657,1.02786072337362,1.03846,7779,CHARLES,Emergency Medicine,3328RJ,1803,DORDRECHT,ZZ,WATERMAN 155,0.0872942087056759
19.0,0.125141182519553,Initial hospital care,99223,1851683395,2836.2,19.0,KHAN,0.136596040254187,1.0915354762038,1.0,42357,ANWAAR,Internal Medicine,54590,31999,LAHORE,ZZ,DOCTORS HOSPITAL& MEDICAL CENTER,-0.670118079802819
36.0,0.415921033945263,Mod cs by same phys add-on,99145,1174790489,398.16,11.0,BAYONA MOLANO,0.902900610221806,2.170846234097,3.27273,569,MARIA,Diagnostic Radiology,571,57,BOGOTA,ZZ,CARRERA 55B 18631 APTO 101 INT 2,1.22037908102107
12.0,0.0885481401351375,X-ray exam of lower leg,73590,1972578763,86.28,12.0,BIONDI,0.096678484543058,1.09181835322021,1.0,10988,MICHAEL,Diagnostic Radiology,09645,8159,FPO,ZZ,PSC 819 BOX 18-5,-0.949728925253416
434.0,0.456378489970699,Office/outpatient visit est,99212,1326038035,10839.8,345.0,CLARK,0.575582679550369,1.26119589813999,1.25797,7099,DOUGLAS,Physician Assistant,09123,2007,APO,ZZ,UNIT 3865,-0.00560275682271895
56.0,0.0136256847079488,Anesth low intestine scope,00810,1548343403,7649.3,56.0,SCHERTZMAN,0.0136952396772705,1.00510469534651,1.0,13049,DONALD,Anesthesiology,99879,2688,BETAR ILIT,ZZ,REHOV HAMAGID MMETZRITCH 74,-0.372735013537944
14.0,0.0894528859189572,Ct angio abd&pelv w/o&w/dye,74174,1972578763,1246.28,14.0,BIONDI,0.0921052950209003,1.02965146484314,1.0,2797,MICHAEL,Diagnostic Radiology,09645,930,FPO,ZZ,PSC 819 BOX 18-5,-0.321930078356601
15.0,0.139497016139911,Replace tunneled cv cath,36581,1174790489,2205.94,14.0,BAYONA MOLANO,0.165587275597241,1.18703095004672,1.07143,315,MARIA,Diagnostic Radiology,571,243,BOGOTA,ZZ,CARRERA 55B 18631 APTO 101 INT 2,-0.698135845649921
92.0,0.079969893928126,Mri brain w/o & w/dye,70553,1972578763,8616.35,92.0,BIONDI,0.082494074006002,1.03156412937279,1.0,14052,MICHAEL,Diagnostic Radiology,09645,7021,FPO,ZZ,PSC 819 BOX 18-5,-0.382622991446606
22.0,0.184056738952794,Office/outpatient visit est,99212,1619188802,403.62,18.0,BLOCH,0.233418969333888,1.26819029100453,1.22222,4573,ISAC,Otolaryngology,15295,2249,GALIL TACHTON,ZZ,MITZPE NETOFA,-0.196933788881689
23.0,0.102402132376836,Mod cs by same phys 5 yrs +,99144,1174790489,726.34,23.0,BAYONA MOLANO,0.109389798271651,1.06823750377678,1.0,1464,MARIA,Diagnostic Radiology,571,920,BOGOTA,ZZ,CARRERA 55B 18631 APTO 101 INT 2,-0.623801349439629
23.0,0.500853165211751,Prothrombin time,85610,1558358077,116.76,18.0,HOOK,2.98275003160914,5.95533828831468,1.27778,14015,WILLIAM,Family Practice,09094,13786,APO,ZZ,435 MDG,-1.56820398884313
18.0,0.118146451549463,Emergency dept visit,99282,1821054651,527.32,17.0,STRAIT,0.121438097153657,1.02786072337362,1.05882,7779,PAUL,Emergency Medicine,09042-0120,1168,HEIDELBERG,ZZ,"CMR 442, BOX 120",0.254968274885378
50.0,0.0379623941302872,Emergency dept visit,99284,1235146945,3722.02,45.0,COOTS,0.0388719535613927,1.02395948548408,1.11111,7340,JOEL,Physician Assistant,96377,199,SAN FRANCISCO,ZZ,PSC 559 BOX 5453,2.24201951855327
62.0,0.619166323808431,Subsequent hospital care,99232,1265477350,3447.82,32.0,DAKKOURI,1.73367936690052,2.80002206230602,1.9375,48081,CLAUDIA,Internal Medicine,0000,33476,DUBAI,ZZ,AMERICAN HOSPITAL DUBAI,-0.497509561902464
56.0,0.900708876244545,Neuromuscular reeducation,97112,1164583340,1548.4,13.0,SVALYA,10.0729721562668,11.1833828020719,4.30769,765,HEATHER,Occupational therapist,96362,626,FPO,ZZ,PSC 482,-0.682588035351939
18.0,0.0523791095226466,Observation care discharge,99217,1154648467,1046.71,18.0,PAZO,0.0536302669334489,1.02388657276163,1.0,16296,VALERIA,Internal Medicine,C1181ACH,5809,BUENOS AIRES,ZZ,450 GASCON,-0.445393508693056
46.0,0.125141182519553,Initial hospital care,99223,1154648467,7478.22,46.0,PAZO,0.136596040254187,1.0915354762038,1.0,42357,VALERIA,Internal Medicine,C1181ACH,31999,BUENOS AIRES,ZZ,450 GASCON,-0.670118079802819
13.0,0.0930264850893505,Bx breast percut w/device,19103,1972578763,2178.23,13.0,BIONDI,0.102665106181067,1.10361157988994,1.0,2443,MICHAEL,Diagnostic Radiology,09645,1834,FPO,ZZ,PSC 819 BOX 18-5,-1.00921903988692
12.0,0.0577822361557624,Removal tunneled cv cath,36589,1174790489,1018.8,12.0,BAYONA MOLANO,0.0600227134287916,1.03877449925942,1.0,790,MARIA,Diagnostic Radiology,571,359,BOGOTA,ZZ,CARRERA 55B 18631 APTO 101 INT 2,-0.645997107501948
24.0,0.0302875824049882,Emergency dept visit,99283,1831180645,1137.81,24.0,APPLETON,0.0306878184952815,1.0132145274899,1.0,167,PAUL,Orthopedic Surgery,EH16 4 SA,40,EDINBURGH,ZZ,ROYAL INFIRMARY OF EDINBURGH,-0.430611497911724
17.0,0.0212570505741266,Anesth surg upper abdomen,00790,1447233218,2401.8,17.0,LIGNELL,0.0214054960366764,1.00698335180754,1.0,10482,MARK,Anesthesiology,96350,1312,YOKOSUKA,ZZ,USNH,-0.326241064237591
13.0,0.00214219801422799,"PPPS, subseq visit",G0439,1730319633,1474.33,13.0,LINDPAINTNER,0.00214238312433546,1.00008641129636,1.0,11729,LYN,Internal Medicine,CH4132,52,MUTTENZ,ZZ,DUERRBERGSTRASSE 19,-0.0403341939073486
116.0,0.773208384921836,Therapeutic exercises,97110,1164583340,3038.95,26.0,SVALYA,10.3464308874173,13.3811674694439,4.46154,3276,HEATHER,Occupational therapist,96362,2811,FPO,ZZ,PSC 482,-0.862097205469379
24.0,0.166186185245052,Control of nosebleed,30901,1598755449,1739.03,18.0,POGODZINSKI,0.200342517559449,1.20553051545188,1.33333,1246,MATTHEW,Otolaryngology,96328,213,APO,ZZ,374 MDOS/SGOSL,0.637921791014553
31.0,0.550659496182364,Ther/proph/diag iv inf init,96365,1073593398,1722.67,16.0,EGE,1.764618323857,3.20455442263473,1.9375,3220,HILMI,Hematology/Oncology,35211,2518,IZMIR,ZZ,HILMI EGE,-0.718033132436975
89.0,0.373782212093702,Routine venipuncture,36415,1538128665,267.0,35.0,STENZLER,0.671008643331147,1.7951861314442,2.54286,32613,BENJAMIN,Family Practice,09175,3550,APO,ZZ,USAHC-DARMSTADT CLINIC,1.11424949006477
99.0,0.0539889825307334,Initial hospital care,99223,1497083901,14902.3,94.0,ATALLA,0.0556105376303508,1.03003492608319,1.05319,5881,NADER,Neurology,A1B 3V6,1061,ST. JOHN'S,ZZ,HEALTH SCIENCES CENTER,0.416406989196164
21.0,0.474632916057811,Irrig drug delivery device,96523,1073593398,346.86,18.0,EGE,1.23375218762011,2.59938185043584,1.16667,1989,HILMI,Hematology/Oncology,35211,1934,IZMIR,ZZ,HILMI EGE,-1.16126661243802
231.0,0.00235212821506099,Office/outpatient visit new,99203,1598755449,19210.4,231.0,POGODZINSKI,0.00235274416833892,1.00026187062167,1.0,7422,MATTHEW,Otolaryngology,96328,182,APO,ZZ,374 MDOS/SGOSL,-0.111304333550278
14.0,0.4746014938865,Office/outpatient visit est,99214,1629215371,1222.9,13.0,SUDHAKAR,0.963700582797498,2.03054688030115,1.07692,56743,RAJEEV,Internal Medicine,500045,52595,HYDERABAD,ZZ,"SV AKKINAPALLY MANSION ,PLOT 126 & 127, RAJEEV NAGAR",-0.989543604498147
13.0,0.00232033147850121,Office/outpatient visit new,99202,1598755449,553.25,13.0,POGODZINSKI,0.00232065746710304,1.00014049225503,1.0,2438,MATTHEW,Otolaryngology,96328,17,APO,ZZ,374 MDOS/SGOSL,-0.0605398500296244
23.0,0.0523791095226466,Observation care discharge,99217,1629215371,1358.61,23.0,SUDHAKAR,0.0536302669334489,1.02388657276163,1.0,16296,RAJEEV,Internal Medicine,500045,5809,HYDERABAD,ZZ,"SV AKKINAPALLY MANSION ,PLOT 126 & 127, RAJEEV NAGAR",-0.445393508693056
236.0,0.469491759898922,Telehealth facility fee,Q3014,1144205709,3480.67,145.0,CAVENAR,1.18846084554704,2.53137743206167,1.62759,134,JESSE,Psychiatry,69124,98,HEIDELBERG,ZZ,KARLSRUHER STRASSE,-0.760471991913919
15.0,0.0468432108612036,Anesth bladder surgery,00910,1982663035,905.27,14.0,MCCORMICK,0.0480738727918995,1.02627193798355,1.07143,3132,DAVID,CRNA,09042,483,APO,ZZ,CMR 442,0.939316863043179
28.0,0.438356088364644,Office/outpatient visit est,99214,1356530117,2079.0,25.0,BOSTON,0.634269140309626,1.4469267272547,1.12,22998,ANNA,Nurse Practitioner,N8N4N6,14906,TECUMSEH,ZZ,785 GREEN VALLEY DRIVE,-0.515438481409853
214.0,0.79091676114503,Ther/proph/diag inj sc/im,96372,1851594634,3533.26,50.0,WANG,1.35412090108554,1.71209028257935,4.28,2604,ZHIJIAN,Physician Assistant,N8X 1M7,74,WINDSOR,ZZ,1463 PELISSIER STREET,1.89636680533504
74.0,0.142448153677254,Hospital discharge day,99238,1629215371,4321.46,68.0,SUDHAKAR,0.158462172843171,1.11241998406101,1.08824,30717,RAJEEV,Internal Medicine,500045,10980,HYDERABAD,ZZ,"SV AKKINAPALLY MANSION ,PLOT 126 & 127, RAJEEV NAGAR",-0.152621440000415
52.0,0.577642555445895,Ranitidine hydrochloride inj,J2780,1073593398,31.72,12.0,EGE,4.42718388283584,7.66422736880665,4.33333,859,HILMI,Hematology/Oncology,35211,678,IZMIR,ZZ,HILMI EGE,-0.752373058061006
16.0,0.626859599142964,Office/outpatient visit est,99212,1467461558,384.64,15.0,KRATT,0.882539713916412,1.40787461039603,1.06667,20258,LOGAN,Family Practice,09096,15292,APO,ZZ,WIESBADEN HEALTH CLINIC,-0.386620434999121
18.0,0.0523791095226466,Observation care discharge,99217,1831164607,1036.08,18.0,ELLIS,0.0536302669334489,1.02388657276163,1.0,16296,BRADLEY,Internal Medicine,09824,5809,APO,ZZ,PSC 94 BOX 2547,-0.445393508693056
30.0,0.21952358479153,Urinalysis nonauto w/o scope,81002,1467461558,108.6,23.0,KRATT,0.280377906790249,1.27721086122254,1.30435,18397,LOGAN,Family Practice,09096,6228,APO,ZZ,WIESBADEN HEALTH CLINIC,0.0967872676638235
28.0,0.124549738015682,Special eye evaluation,92020,1023287067,523.53,28.0,DURHAM,0.130779946883501,1.05002185445813,1.0,2405,MICHELLE,Optometry,09461,1158,APO,ZZ,48 MDG/ UNIT 5210 BOX 230,-0.382488719793505
19.0,0.0421218411892819,Upper gi endoscopy biopsy,43239,1851683395,1726.18,18.0,KHAN,0.0437168108112542,1.03786561975781,1.05556,1357,ANWAAR,Internal Medicine,54590,356,LAHORE,ZZ,DOCTORS HOSPITAL& MEDICAL CENTER,0.404648965933751
38.0,0.520218405877356,Office/outpatient visit est,99213,1730319633,1429.63,35.0,LINDPAINTNER,1.05399433249761,2.02606120927235,1.08571,57176,LYN,Internal Medicine,CH4132,53138,MUTTENZ,ZZ,DUERRBERGSTRASSE 19,-0.892174502337299
23.0,0.137411030766197,Hospital discharge day,99238,1538128665,1257.64,23.0,STENZLER,0.158199654757562,1.15128788333403,1.0,13452,BENJAMIN,Family Practice,09175,10641,APO,ZZ,USAHC-DARMSTADT CLINIC,-0.956309819802542
32.0,0.0214756096430965,Admin influenza virus vac,G0008,1467461558,687.68,32.0,KRATT,0.021672529767979,1.0091694777543,1.0,41131,LOGAN,Family Practice,09096,14083,APO,ZZ,WIESBADEN HEALTH CLINIC,-0.423092174862246
17.0,0.0853401093780751,Tissue exam by pathologist,88309,1265670897,2040.1,17.0,AHN,0.0908066959043928,1.06405647433728,1.0,5004,GEUNG HWAN,Pathology,135  710,2971,"SEOUL, KOREA",ZZ,SAMSUNG MED CTR/PATHOL.,-0.705415759259946
48.0,0.0628850672626317,Extremity study,93970,1972578763,1371.36,48.0,BIONDI,0.0642862349424665,1.02228140544055,1.0,14250,MICHAEL,Diagnostic Radiology,09645,6188,FPO,ZZ,PSC 819 BOX 18-5,-0.346596833062147
26.0,0.00235212821506099,Office/outpatient visit new,99203,1619188802,1368.0,26.0,BLOCH,0.00235274416833892,1.00026187062167,1.0,7422,ISAC,Otolaryngology,15295,182,GALIL TACHTON,ZZ,MITZPE NETOFA,-0.111304333550278
13.0,0.0240079638480208,Diagnostic colonoscopy,45378,1851683395,1960.0,12.0,KHAN,0.0242825145654186,1.01143581851155,1.08333,1039,ANWAAR,Internal Medicine,54590,18,LAHORE,ZZ,DOCTORS HOSPITAL& MEDICAL CENTER,2.96087764570325
21.0,0.0669667738451996,Echo exam of abdomen,76705,1649268871,479.43,21.0,STRODE,0.0676775444683597,1.01061378027263,1.0,209,CHRISTOFER,Emergency Medicine,96205-0054,27,APO,ZZ,18TH MEDCOM: ATTN: DCCS-QM(CREDENTIALS),-0.156828684551293
565.0,0.00228914978819666,Office/outpatient visit new,99202,1326038035,23050.7,564.0,CLARK,0.00228941774216007,1.00011705392316,1.00177,3055,DOUGLAS,Physician Assistant,09123,16,APO,ZZ,UNIT 3865,0.723304362428981
23.0,0.11853492911827,Treat thigh fracture,27236,1831180645,21841.3,23.0,APPLETON,0.120187062905302,1.01393794891786,1.0,1470,PAUL,Orthopedic Surgery,EH16 4 SA,198,EDINBURGH,ZZ,ROYAL INFIRMARY OF EDINBURGH,-0.115968795483737
36.0,0.031031077794439,Anesth upper gi visualize,00740,1548343403,4423.26,36.0,SCHERTZMAN,0.031586924103562,1.0179125685806,1.0,15532,DONALD,Anesthesiology,99879,6265,BETAR ILIT,ZZ,REHOV HAMAGID MMETZRITCH 74,-0.567088093854125
38.0,0.136215360251992,X-ray exam of knee 1 or 2,73560,1972578763,261.44,32.0,BIONDI,0.159794966804357,1.17310534222237,1.1875,16366,MICHAEL,Diagnostic Radiology,09645,5446,FPO,ZZ,PSC 819 BOX 18-5,0.0900820474230199
58.0,0.0480827639935955,Initial hospital care,99222,1598755449,6434.81,57.0,POGODZINSKI,0.0491369813110126,1.02192505650377,1.01754,866,MATTHEW,Otolaryngology,96328,277,APO,ZZ,374 MDOS/SGOSL,-0.0891618584003411
56.0,0.0523791095226466,Observation care discharge,99217,1255477055,3119.2,54.0,VAJO,0.0536302669334489,1.02388657276163,1.03704,16296,ZOLTAN,Internal Medicine,2030,3657,ERD,ZZ,GYONGYVIRAG U 26,0.245205607794707
50.0,0.0296202960910164,N block inj brachial plexus,64415,1447233218,2841.0,49.0,LIGNELL,0.0299219164489816,1.01018289476373,1.02041,2861,MARK,Anesthesiology,96350,442,YOKOSUKA,ZZ,USNH,0.341731412412823
550.0,0.0539889825307334,Initial hospital care,99223,1366658627,87346.3,506.0,RANAWAT,0.0556105376303508,1.03003492608319,1.08696,5881,NISHANT,Neurology,302012,451,JAIPUR,ZZ,9 OFFICERS' CAMPUS EXTN,1.02357533930441
27.0,3.80930955929387,Initial hospital care,99223,1538128665,4081.05,27.0,STENZLER,4.43529772978507,1.1643311368497,1.0,10860,BENJAMIN,Family Practice,09175,8285,APO,ZZ,USAHC-DARMSTADT CLINIC,-0.0370507566484532
23.0,0.122444063848707,Initial hospital care,99221,1033286810,1800.9,23.0,ALI,0.132616348111489,1.08307698995805,1.0,1474,AMIR,Nephrology,54000,901,LAHORE,ZZ,210 A UPPER MALL,-0.626446068988481
112.0,0.216069536385532,Ear microscopy examination,92504,1598755449,2714.11,97.0,POGODZINSKI,0.298396013391624,1.38101843685728,1.15464,1863,MATTHEW,Otolaryngology,96328,1469,APO,ZZ,374 MDOS/SGOSL,-0.75865394250381
29.0,0.0619058216217662,Extracranial study,93880,1972578763,725.58,28.0,BIONDI,0.0624567656916533,1.00889971339454,1.03571,14615,MICHAEL,Diagnostic Radiology,09645,526,FPO,ZZ,PSC 819 BOX 18-5,0.429329873119452
21.0,0.0395118427094246,Initial hospital care,99221,1598755449,1658.6,19.0,POGODZINSKI,0.0402814547141113,1.01947800841248,1.10526,456,MATTHEW,Otolaryngology,96328,17,APO,ZZ,374 MDOS/SGOSL,2.12964268971633
698.0,0.216232009225006,Chest x-ray,71010,1972578763,4768.89,586.0,BIONDI,0.279924975005899,1.29455845140215,1.19113,23425,MICHAEL,Diagnostic Radiology,09645,13473,FPO,ZZ,PSC 819 BOX 18-5,-0.369499806228881
14.0,0.0209727274030436,Colonoscopy and biopsy,45380,1851683395,2673.82,14.0,KHAN,0.0211744792133887,1.00961972215001,1.0,1036,ANWAAR,Internal Medicine,54590,306,LAHORE,ZZ,DOCTORS HOSPITAL& MEDICAL CENTER,-0.454307378852773
29.0,0.211656942448301,Complete cbc automated,85027,1578705828,265.93,29.0,SYDOW,0.250558948416813,1.18379744844899,1.0,351,EDWARD,Physician Assistant,APO AE  09112,262,GRAFENWOEHR,ZZ,USA MEDDAC BAVARIA,-0.733549727959556
12.0,0.520218405877356,Office/outpatient visit est,99213,1851683395,604.29,12.0,KHAN,1.05399433249761,2.02606120927235,1.0,57176,ANWAAR,Internal Medicine,54590,55702,LAHORE,ZZ,DOCTORS HOSPITAL& MEDICAL CENTER,-0.973497843049053
16.0,0.205838482995086,Treat thigh fracture,27245,1831180645,15274.3,16.0,APPLETON,0.209269246019781,1.01666725762246,1.0,1953,PAUL,Orthopedic Surgery,EH16 4 SA,266,EDINBURGH,ZZ,ROYAL INFIRMARY OF EDINBURGH,-0.0796450407284462
47.0,0.031031077794439,Anesth upper gi visualize,00740,1447233218,3876.62,47.0,LIGNELL,0.031586924103562,1.0179125685806,1.0,15532,MARK,Anesthesiology,96350,6265,YOKOSUKA,ZZ,USNH,-0.567088093854125
20.0,0.136215360251992,X-ray exam of knee 1 or 2,73560,1972578763,534.85,15.0,BIONDI,0.159794966804357,1.17310534222237,1.33333,16366,MICHAEL,Diagnostic Radiology,09645,1731,FPO,ZZ,PSC 819 BOX 18-5,1.00271012317658
112.0,0.498946455845117,Office/outpatient visit est,99213,1538128665,5250.13,61.0,STENZLER,0.945047100717593,1.89408520623094,1.83607,64877,BENJAMIN,Family Practice,09175,26081,APO,ZZ,USAHC-DARMSTADT CLINIC,-0.06139342198913
679.0,0.319351578201517,"Gad-base MR contrast NOS,1ml",A9579,1972578763,1007.56,41.0,BIONDI,5.12797060682406,16.0574456393893,16.561,3751,MICHAEL,Diagnostic Radiology,09645,1695,FPO,ZZ,PSC 819 BOX 18-5,0.0981929163913222
158.0,0.040606420328467,Emergency dept visit,99283,1972661726,6890.95,150.0,HUGELMEYER,0.0418548962608648,1.03074577670966,1.05333,31668,CHARLES,Emergency Medicine,3328RJ,6059,DORDRECHT,ZZ,WATERMAN 155,0.539662208699781
59.0,0.596324596252392,Ther/proph/diag inj sc/im,96372,1073593398,1099.17,27.0,EGE,3.06074600725714,5.13268449178926,2.18519,3682,HILMI,Hematology/Oncology,35211,3312,IZMIR,ZZ,HILMI EGE,-0.963000291688734
42.0,0.520218405877356,Office/outpatient visit est,99213,1659574010,2150.64,40.0,SHABTI,1.05399433249761,2.02606120927235,1.05,57176,RAAFAT,Internal Medicine,31952,54691,AL KHOBAR,ZZ,SAAD SPECIALIST HOSPITAL,-0.926059303035463
12.0,0.00388287716839914,Office/outpatient visit new,99203,1164424586,887.6,12.0,GJESDAL,0.00388384454507263,1.00024913913872,1.0,4177,SHANE,Obstetrics/Gynecology,AE,23,KEFLAVIK,ZZ,PSC 1003,-0.064147556841873
12.0,0.184056738952794,Office/outpatient visit est,99212,1598755449,435.0,11.0,POGODZINSKI,0.233418969333888,1.26819029100453,1.09091,4573,MATTHEW,Otolaryngology,96328,3492,APO,ZZ,374 MDOS/SGOSL,-0.759497688168712
22.0,0.0449088643454641,Ct chest spine w/o dye,72128,1972578763,785.74,22.0,BIONDI,0.0455491744459777,1.0142579891486,1.0,2571,MICHAEL,Diagnostic Radiology,09645,506,FPO,ZZ,PSC 819 BOX 18-5,-0.313024095870511
36.0,0.520218405877356,Office/outpatient visit est,99213,1629215371,1782.62,34.0,SUDHAKAR,1.05399433249761,2.02606120927235,1.05882,57176,RAJEEV,Internal Medicine,500045,54286,HYDERABAD,ZZ,"SV AKKINAPALLY MANSION ,PLOT 126 & 127, RAJEEV NAGAR",-0.917687689524923
20.0,0.130019625959579,Destruction of skin lesions,17261,1326038035,1435.16,16.0,CLARK,0.150980364460557,1.16121211198911,1.25,146,DOUGLAS,Physician Assistant,09123,31,APO,ZZ,UNIT 3865,0.588075729768705
33.0,0.00750129078390726,Eye exam new patient,92002,1023287067,1388.65,33.0,DURHAM,0.00750766296883295,1.00084947845768,1.0,2027,MICHELLE,Optometry,09461,48,APO,ZZ,48 MDG/ UNIT 5210 BOX 230,-0.113148187552204
40.0,0.668822148362288,Tx/proph/dg addl seq iv inf,96367,1073593398,997.2,21.0,EGE,4.7918535585826,7.16461554139046,1.90476,3213,HILMI,Hematology/Oncology,35211,3129,IZMIR,ZZ,HILMI EGE,-1.0976657710107
24.0,2.04378893509602,Glucose blood test,82962,1629215371,79.68,20.0,SUDHAKAR,4.88496618688531,2.39015198830001,1.2,4121,RAJEEV,Internal Medicine,500045,3416,HYDERABAD,ZZ,"SV AKKINAPALLY MANSION ,PLOT 126 & 127, RAJEEV NAGAR",-0.243635655823268
370.0,0.493315119501687,Palonosetron hcl,J2469,1073593398,5461.34,18.0,EGE,21.4737608432354,43.529500707229,20.5556,2566,HILMI,Hematology/Oncology,35211,2297,IZMIR,ZZ,HILMI EGE,-1.06986128472406
13.0,0.031031077794439,Anesth upper gi visualize,00740,1982841961,1214.38,13.0,SCOPE,0.031586924103562,1.0179125685806,1.0,15532,KENNETH,Anesthesiology,1010,6265,CARACAS,ZZ,"HOSPITAL PRIVADO CENTROMEDICO DECARACAS, SAN BERNARDINO",-0.567088093854125
12.0,0.0793990055104221,X-ray exam of lower spine,72100,1972578763,364.87,12.0,BIONDI,0.0816329705523934,1.02813593227787,1.0,19883,MICHAEL,Diagnostic Radiology,09645,8558,FPO,ZZ,PSC 819 BOX 18-5,-0.344663829914273
27.0,0.0417425545902092,Initial hospital care,99223,1831180645,4087.48,27.0,APPLETON,0.0425812349005642,1.02009173416884,1.0,2764,PAUL,Orthopedic Surgery,EH16 4 SA,952,EDINBURGH,ZZ,ROYAL INFIRMARY OF EDINBURGH,-0.47184479773219
207.0,0.0365572187634258,Emergency dept visit,99284,1972661726,18158.7,204.0,HUGELMEYER,0.037767896229949,1.03311732969507,1.01471,33037,CHARLES,Emergency Medicine,3328RJ,21320,DORDRECHT,ZZ,WATERMAN 155,-0.487488982849637
524.0,0.616142084347132,Subsequent hospital care,99233,1831164607,42791.1,194.0,ELLIS,1.43674914127796,2.33184711412847,2.70103,37443,BRADLEY,Internal Medicine,09824,8378,APO,ZZ,PSC 94 BOX 2547,0.256957770068963
44.0,0.0793990055104221,X-ray exam of lower spine,72100,1972578763,404.26,44.0,BIONDI,0.0816329705523934,1.02813593227787,1.0,19883,MICHAEL,Diagnostic Radiology,09645,8558,FPO,ZZ,PSC 819 BOX 18-5,-0.344663829914273
22.0,0.0928198670126135,Anesth head/neck/ptrunk,00300,1710950506,3736.69,22.0,DAVIS,0.0958968332236308,1.03314986661852,1.0,1498,ROGER,CRNA,96362,407,FPO,ZZ,PSC 482,-0.345682599770725
32.0,0.0365572187634258,Emergency dept visit,99284,1184603110,2785.7,32.0,GLUCK,0.037767896229949,1.03311732969507,1.0,33037,GARY,Emergency Medicine,FPO AE 09645,25776,ROTA,ZZ,NH ROTA,-0.87686455961004
94.0,0.581976937434263,Subsequent hospital care,99231,1497083901,2786.16,48.0,ATALLA,1.03664242019988,1.7812431275543,1.95833,2965,NADER,Neurology,A1B 3V6,734,ST. JOHN'S,ZZ,HEALTH SCIENCES CENTER,0.170830598926594
14.0,0.0733411404900886,Surgical path gross,88300,1265670897,54.24,12.0,AHN,0.0779505017317371,1.06284823512216,1.16667,4564,GEUNG HWAN,Pathology,135  710,337,"SEOUL, KOREA",ZZ,SAMSUNG MED CTR/PATHOL.,1.33185020624193
39.0,0.0511212413930756,Mr angiography head w/o dye,70544,1972578763,1865.6,39.0,BIONDI,0.0516443022869408,1.01023177214816,1.0,7289,MICHAEL,Diagnostic Radiology,09645,1427,FPO,ZZ,PSC 819 BOX 18-5,-0.198120057684464
71.0,0.0558956568787189,Insert tunneled cv cath,36558,1174790489,15597.8,66.0,BAYONA MOLANO,0.0584080671675276,1.04494822011413,1.07576,1717,MARIA,Diagnostic Radiology,571,391,BOGOTA,ZZ,CARRERA 55B 18631 APTO 101 INT 2,0.527485398828719
12.0,0.00345468418385443,Office/outpatient visit new,99203,1013987536,956.88,12.0,ANDERSON,0.00345596093088471,1.0003695698253,1.0,16690,EDWARD,Orthopedic Surgery,09180,405,APO,ZZ,CMR 402,-0.106936922230439
120.0,0.875730710831478,Tx/pro/dx inj new drug addon,96375,1073593398,2069.93,38.0,EGE,5.49014130568031,6.26921179967253,3.15789,2995,HILMI,Hematology/Oncology,35211,2297,IZMIR,ZZ,HILMI EGE,-0.566709812491751
21.0,0.0336797314708115,Emergency dept visit,99285,1821076738,2749.74,20.0,DILEO,0.0350592234411451,1.040959114283,1.05,32517,ROY,Emergency Medicine,09604,9880,APO,ZZ,UNIT 6180 BOX 245,0.257873311097816
23.0,0.403582803088162,"Injection, pegfilgrastim 6mg",J2505,1073593398,51032.6,12.0,EGE,1.04872014902677,2.59852536084814,1.91667,1966,HILMI,Hematology/Oncology,35211,1348,IZMIR,ZZ,HILMI EGE,-0.650181780669211
38.0,0.791841545639394,Subsequent hospital care,99231,1750471702,1225.88,27.0,RICHARDSON,2.59503067848828,3.27720955382917,1.40741,5044,JORGE,Psychiatry,5009,4308,CORDOBA,ZZ,HUGO WAST 4658,-0.72053180963786
57.0,0.110585190393936,X-ray exam of abdomen,74000,1972578763,398.47,56.0,BIONDI,0.123629542628367,1.11795749673137,1.01786,21869,MICHAEL,Diagnostic Radiology,09645,18495,FPO,ZZ,PSC 819 BOX 18-5,-0.809679471883505
13.0,0.00314559852524784,Office/outpatient visit new,99204,1033286810,1579.99,13.0,ALI,0.00314634773634534,1.00023817759688,1.0,3627,AMIR,Nephrology,54000,32,LAHORE,ZZ,210 A UPPER MALL,-0.0756997054491137
111.0,0.925689897173967,Hemodialysis one evaluation,90935,1033286810,6342.85,25.0,ALI,2.38671410342458,2.57830847102358,4.44,5865,AMIR,Nephrology,54000,411,LAHORE,ZZ,210 A UPPER MALL,0.780022870575753
11.0,0.0124357110611126,Anesth low intestine scope,00810,1972591113,731.74,11.0,KOONTZ,0.0124848522199513,1.00395161632473,1.0,15386,LAURA,CRNA,09464,2565,APO,ZZ,48MDOS/SGOSA,-0.316512863357441
24.0,0.284414805420845,Office/outpatient visit est,99213,1831180645,1452.24,14.0,APPLETON,0.430673098220504,1.51424289457521,1.71429,19671,PAUL,Orthopedic Surgery,EH16 4 SA,4420,EDINBURGH,ZZ,ROYAL INFIRMARY OF EDINBURGH,0.464488814293162
18.0,0.0984808341531406,Anesth lens surgery,00142,1982663035,848.2,18.0,MCCORMICK,0.105318543284997,1.06943187667586,1.0,11238,DAVID,CRNA,09042,6944,APO,ZZ,CMR 442,-0.659255953512104
102.0,0.0733953650432867,Fluoroguide for vein device,77001,1174790489,1519.8,99.0,BAYONA MOLANO,0.078968713881713,1.07593597817981,1.0303,3830,MARIA,Diagnostic Radiology,571,2613,BOGOTA,ZZ,CARRERA 55B 18631 APTO 101 INT 2,-0.577861466052961
41.0,0.0687154417202495,X-ray exam of pelvis,72170,1972578763,243.66,40.0,BIONDI,0.0709896705017245,1.03309632776187,1.025,19018,MICHAEL,Diagnostic Radiology,09645,7693,FPO,ZZ,PSC 819 BOX 18-5,-0.114049713803516
18.0,0.105403938442405,X-ray exam of ankle,73610,1972578763,107.85,18.0,BIONDI,0.1156222463488,1.09694427036974,1.0,17090,MICHAEL,Diagnostic Radiology,09645,13575,FPO,ZZ,PSC 819 BOX 18-5,-0.838456901081872
116.0,0.0518417024419982,Initial hospital care,99222,1831180645,12018.5,115.0,APPLETON,0.052740060063355,1.01732886033907,1.0087,4007,PAUL,Orthopedic Surgery,EH16 4 SA,1254,EDINBURGH,ZZ,ROYAL INFIRMARY OF EDINBURGH,-0.16369450303438
2104.0,0.348589945910508,Destruct premalg les 2-14,17003,1326038035,8884.36,395.0,CLARK,1.86268389058734,5.34348139537431,5.32658,1544,DOUGLAS,Physician Assistant,09123,742,APO,ZZ,UNIT 3865,-0.00907237329237152
21.0,0.0664520232825646,Ct head/brain w/o dye,70450,1972578763,2660.58,19.0,BIONDI,0.0695159784610531,1.04610777862188,1.10526,22764,MICHAEL,Diagnostic Radiology,09645,2100,FPO,ZZ,PSC 819 BOX 18-5,0.850960263571443
17.0,0.00367781895298703,Office/outpatient visit new,99204,1215995832,1923.15,17.0,GALBRAITH,0.00367879639304436,1.00026576622445,1.0,3181,SHAWN,Optometry,09180,29,APO,ZZ,LRMC CMR 402 BOX 1778,-0.0722427109443582
14.0,0.27044436189661,Office/outpatient visit est,99213,1164424586,732.92,11.0,GJESDAL,0.37905775415799,1.40161085814354,1.27273,17597,SHANE,Obstetrics/Gynecology,AE,9845,KEFLAVIK,ZZ,PSC 1003,-0.340010475123982
616.0,0.0878611645319614,Biopsy skin lesion,11100,1326038035,36162.8,554.0,CLARK,0.096869734496478,1.10253187528876,1.11191,1548,DOUGLAS,Physician Assistant,09123,548,APO,ZZ,UNIT 3865,0.0968460186497389
255.0,0.986793608907781,Self care mngment training,97535,1164583340,7364.34,26.0,SVALYA,9.75490991634242,9.88546118285009,9.80769,988,HEATHER,Occupational therapist,96362,378,FPO,ZZ,PSC 482,-0.0079722576370295
15.0,0.0715909070181908,Us exam abdom complete,76700,1972578763,1671.05,15.0,BIONDI,0.0725992126199398,1.01408426913061,1.0,16484,MICHAEL,Diagnostic Radiology,09645,4198,FPO,ZZ,PSC 819 BOX 18-5,-0.194000301412998
17.0,0.00365841227812491,Office/outpatient visit new,99205,1073593398,2175.98,17.0,EGE,0.00365967927925433,1.00034632540925,1.0,4907,HILMI,Hematology/Oncology,35211,70,IZMIR,ZZ,HILMI EGE,-0.094632721291438
117.0,0.0681338870104216,Ct abd & pelv w/contrast,74177,1972578763,7869.71,115.0,BIONDI,0.070105953599234,1.02894399065344,1.01739,23058,MICHAEL,Diagnostic Radiology,09645,10838,FPO,ZZ,PSC 819 BOX 18-5,-0.164788666540526
297.0,0.6050148245956,Tissue exam by pathologist,88305,1831455138,8707.96,147.0,BEYDOUN,1.1689539498151,1.93210794561347,2.02041,13598,RAFIC,Pathology,00000,2975,DAMASCUS,ZZ,37/2 BAHSA STREET,0.0755377985030439
26.0,0.549774583974401,Rmvl devital tis 20 cm/<,97597,1467461558,499.2,13.0,KRATT,1.50188178533719,2.73181378171371,2.0,427,LOGAN,Family Practice,09096,273,APO,ZZ,WIESBADEN HEALTH CLINIC,-0.487264569594212
25.0,0.922267909640325,Drugs unclassified injection,J3490,1073593398,16.42,11.0,EGE,4.51947615535986,4.90039402663637,2.27273,843,HILMI,Hematology/Oncology,35211,652,IZMIR,ZZ,HILMI EGE,-0.58140958935412
27.0,0.259444981588844,Injection into skin lesions,11900,1326038035,844.77,23.0,CLARK,0.363467822201109,1.40094373757098,1.17391,238,DOUGLAS,Physician Assistant,09123,161,APO,ZZ,UNIT 3865,-0.624624029114746
44.0,0.040606420328467,Emergency dept visit,99283,1679730766,2180.1,44.0,SCHNEIDMAN,0.0418548962608648,1.03074577670966,1.0,31668,SYDNEY,Emergency Medicine,LA2 8JP,20209,HORNBY,ZZ,26 STATION RD,-0.734580167587527
31.0,0.665223448426314,Subsequent hospital care,99231,1942483748,938.06,17.0,RAEF,1.40525529723353,2.11245604850201,1.82353,17911,HUSSEIN,Internal Medicine,11211,7649,RIYADH,ZZ,"KING FAISAL HOSPITAL, DEPT OF MEDICINE, TAKASSUSI STREE",-0.205604409670099
14.0,0.477012124075289,Methylprednisolone 40 MG inj,J1030,1477741817,29.34,13.0,PEREIRA,0.757711131357471,1.58845256360377,1.07692,3277,RODRIGO,Family Practice,27281470,2867,VOLTA REDONDA,ZZ,"RUA PARA, 245, APT 101",-0.675098214202809
553.0,0.183393959772543,Destruct premalg lesion,17000,1326038035,19609.6,468.0,CLARK,0.231306085110816,1.26125247198815,1.18162,1705,DOUGLAS,Physician Assistant,09123,1005,APO,ZZ,UNIT 3865,-0.344256123873871
255.0,0.6050148245956,Tissue exam by pathologist,88305,1265670897,8042.14,80.0,AHN,1.1689539498151,1.93210794561347,3.1875,13598,GEUNG HWAN,Pathology,135  710,554,"SEOUL, KOREA",ZZ,SAMSUNG MED CTR/PATHOL.,1.07394483297234
14.0,0.752677933451421,Ther/proph/diag inj iv push,96374,1073593398,598.22,11.0,EGE,1.75253189095745,2.32839547045198,1.27273,1306,HILMI,Hematology/Oncology,35211,1145,IZMIR,ZZ,HILMI EGE,-0.602367480355744
21.0,0.00181665973744289,"PPPS, initial visit",G0438,1043299381,3703.77,21.0,KAMENS,0.00181679103719684,1.0000722753696,1.0,12090,CATHY,Family Practice,M4K 2M6,30,TORONTO,ZZ,84 HILLSIDE DRIVE,-0.0397818836153625
428.0,0.234650208780676,Biopsy skin add-on,11101,1326038035,8453.24,268.0,CLARK,0.349667107327588,1.49016320566933,1.59701,1033,DOUGLAS,Physician Assistant,09123,288,APO,ZZ,UNIT 3865,0.305581211711705
45.0,0.791841545639394,Subsequent hospital care,99231,1982734109,1319.4,26.0,YAZGAN,2.59503067848828,3.27720955382917,1.73077,5044,IZZET,Psychiatry,34667,3685,ISTANBUL,ZZ,MARMARA UNIVERSITY HOSPITAL,-0.595923697561481
80.0,0.407926202122023,Critical care first hour,99291,1053345298,13357.8,77.0,LEE,0.886891436256384,2.17414677371249,1.03896,1881,BARBARA,Critical Care (Intensivists),3124,1829,CAMBERWELL,ZZ,34 BRINGA AVE,-1.27996017822607
38.0,0.334998741510878,Xray control catheter change,75984,1174790489,1055.26,21.0,BAYONA MOLANO,0.571399097641072,1.70567535586553,1.80952,730,MARIA,Diagnostic Radiology,571,217,BOGOTA,ZZ,CARRERA 55B 18631 APTO 101 INT 2,0.18174418797696
85.0,0.170237868005412,Destroy premal lesions 15/>,17004,1326038035,8514.63,67.0,CLARK,0.2111684295701,1.24043159165613,1.26866,702,DOUGLAS,Physician Assistant,09123,244,APO,ZZ,UNIT 3865,0.133661736525594
162.0,1.05636724387066,Psytx hosp 45-50 min,90818,1144214792,10439.3,41.0,MASINO,7.53032798478233,7.1285133351828,3.95122,2745,THEODORE,Clinical Psychologist,09094,1523,APO,ZZ,435 MDG,-0.421932986569485
29.0,0.200656476646078,Subsequent observation care,99225,1255477055,1561.28,23.0,VAJO,0.261158275011458,1.30151928996588,1.26087,5064,ZOLTAN,Internal Medicine,2030,2417,ERD,ZZ,GYONGYVIRAG U 26,-0.1556514635945
85.0,0.040606420328467,Emergency dept visit,99283,1649268871,3767.92,83.0,STRODE,0.0418548962608648,1.03074577670966,1.0241,31668,CHRISTOFER,Emergency Medicine,96205-0054,14032,APO,ZZ,18TH MEDCOM: ATTN: DCCS-QM(CREDENTIALS),-0.158868079014564
30.0,0.531434334458714,Subsequent hospital care,99233,1033286810,2376.3,18.0,ALI,1.20386322727268,2.26530946386604,1.66667,5337,AMIR,Nephrology,54000,3508,LAHORE,ZZ,210 A UPPER MALL,-0.49726814755528
12.0,0.0607721506847862,Emergency dept visit,99284,1013997964,927.22,12.0,TESORIERO,0.0629565102939251,1.03594343107041,1.0,365,RONALD,General Surgery,96362,182,FPO,ZZ,USNH OKINAWA,-0.570924768583852
24.0,0.321746862948914,Special stains group 1,88312,1831455138,512.88,23.0,BEYDOUN,0.484536579917969,1.50595587934264,1.04348,8140,RAFIC,Pathology,00000,7919,DAMASCUS,ZZ,37/2 BAHSA STREET,-0.954474126426947
63.0,0.443921562035793,Immunohistochemistry,88342,1831455138,2145.03,18.0,BEYDOUN,1.58963684911701,3.58089578218964,3.5,10634,RAFIC,Pathology,00000,4815,DAMASCUS,ZZ,37/2 BAHSA STREET,-0.0508894734256922
19.0,0.0681338870104216,Ct abd & pelv w/contrast,74177,1972578763,5961.82,19.0,BIONDI,0.070105953599234,1.02894399065344,1.0,23058,MICHAEL,Diagnostic Radiology,09645,14246,FPO,ZZ,PSC 819 BOX 18-5,-0.412860665427992
77.0,0.0686881456848808,Mri brain w/o dye,70551,1972578763,4553.5,75.0,BIONDI,0.0697789257196967,1.01588017879854,1.02667,14187,MICHAEL,Diagnostic Radiology,09645,2123,FPO,ZZ,PSC 819 BOX 18-5,0.154580517334768
17.0,0.118488999145046,Tissue exam for fungi,87220,1326038035,82.11,17.0,CLARK,0.129810833131047,1.09555177330971,1.0,100,DOUGLAS,Physician Assistant,09123,61,APO,ZZ,UNIT 3865,-0.736084739655325
34.0,0.040606420328467,Emergency dept visit,99283,1821054651,1399.59,33.0,STRAIT,0.0418548962608648,1.03074577670966,1.0303,31668,PAUL,Emergency Medicine,09042-0120,11775,HEIDELBERG,ZZ,"CMR 442, BOX 120",-0.0105788174242835
25.0,0.084254607882208,Ot evaluation,97003,1033128236,1557.58,24.0,GUARDIA,0.0885837607669896,1.05138179375108,1.04167,3140,MARY,Occupational therapist,09180,1357,APO,ZZ,CMR 402,-0.109672097196197
194.0,0.0336797314708115,Emergency dept visit,99285,1649268871,25301.1,184.0,STRODE,0.0350592234411451,1.040959114283,1.05435,32517,CHRISTOFER,Emergency Medicine,96205-0054,8716,APO,ZZ,18TH MEDCOM: ATTN: DCCS-QM(CREDENTIALS),0.381889760722965
25.0,0.00412003410241865,Office/outpatient visit new,99205,1356530117,3395.73,25.0,BOSTON,0.00412127286784754,1.00030066873188,1.0,864,ANNA,Nurse Practitioner,N8N4N6,10,TECUMSEH,ZZ,785 GREEN VALLEY DRIVE,-0.0729553081110706
11.0,0.0282119440021618,Emergency dept visit,99285,1568449338,1293.16,11.0,SCHMIDT,0.0287128414798682,1.01775480192602,1.0,2164,CHRISTOPHER,Nurse Practitioner,96362,984,FPO,ZZ,USNH OKINAWA JAPAN,-0.618357536591108
41.0,0.0696579866168384,Computer dx mammogram add-on,77051,1972578763,107.42,39.0,BIONDI,0.0715626915150997,1.02734366855503,1.05128,11888,MICHAEL,Diagnostic Radiology,09645,1803,FPO,ZZ,PSC 819 BOX 18-5,0.334509213719634
26.0,0.0758341463682671,Electrocardiogram report,93010,1821054651,171.86,25.0,STRAIT,0.0814819679442487,1.07447596955275,1.04,17374,PAUL,Emergency Medicine,09042-0120,11440,HEIDELBERG,ZZ,"CMR 442, BOX 120",-0.423112113876637
18.0,0.318468371129287,Change kidney tube,50398,1174790489,935.18,12.0,BAYONA MOLANO,0.575270590471094,1.80636647975806,1.5,165,MARIA,Diagnostic Radiology,571,102,BOGOTA,ZZ,CARRERA 55B 18631 APTO 101 INT 2,-0.532560650297062
28.0,0.142448153677254,Hospital discharge day,99238,1831164607,1607.76,28.0,ELLIS,0.158462172843171,1.11241998406101,1.0,30717,BRADLEY,Internal Medicine,09824,21292,APO,ZZ,PSC 94 BOX 2547,-0.709443661183872
27.0,0.0984808341531406,Anesth lens surgery,00142,1710950506,2607.88,22.0,DAVIS,0.105318543284997,1.06943187667586,1.22727,11238,ROGER,CRNA,96362,781,FPO,ZZ,PSC 482,1.49869972891822
289.0,0.423685333971233,Office/outpatient visit est,99213,1326038035,11771.9,237.0,CLARK,0.565514113177431,1.33475026826354,1.21941,20118,DOUGLAS,Physician Assistant,09123,9312,APO,ZZ,UNIT 3865,-0.203957846859495
38.0,0.0365572187634258,Emergency dept visit,99284,1679730766,3371.58,37.0,SCHNEIDMAN,0.037767896229949,1.03311732969507,1.02703,33037,SYDNEY,Emergency Medicine,LA2 8JP,15116,HORNBY,ZZ,26 STATION RD,-0.161256500503169
34.0,0.426756942084062,Office/outpatient visit est,99214,1538128665,2204.4,28.0,STENZLER,0.824792051328985,1.93269744436054,1.21429,61884,BENJAMIN,Family Practice,09175,51385,APO,ZZ,USAHC-DARMSTADT CLINIC,-0.871021625253727
96.0,0.142448153677254,Hospital discharge day,99238,1154648467,5640.0,93.0,PAZO,0.158462172843171,1.11241998406101,1.03226,30717,VALERIA,Internal Medicine,C1181ACH,17138,BUENOS AIRES,ZZ,450 GASCON,-0.505874360235519
21.0,0.00345468418385443,Office/outpatient visit new,99203,1831180645,1307.04,21.0,APPLETON,0.00345596093088471,1.0003695698253,1.0,16690,PAUL,Orthopedic Surgery,EH16 4 SA,405,EDINBURGH,ZZ,ROYAL INFIRMARY OF EDINBURGH,-0.106936922230439
13.0,0.0644385289472962,Strep a assay w/optic,87880,1578705828,220.87,13.0,SYDOW,0.0667674341136258,1.03614150112325,1.0,550,EDWARD,Physician Assistant,APO AE  09112,192,GRAFENWOEHR,ZZ,USA MEDDAC BAVARIA,-0.541304329019874
62.0,0.231338579250585,Tissue exam by pathologist,88307,1831455138,4057.9,37.0,BEYDOUN,0.340081852323721,1.470061126101,1.67568,8690,RAFIC,Pathology,00000,1572,DAMASCUS,ZZ,37/2 BAHSA STREET,0.604602989143719
12.0,0.0424302480580886,Anesth lower leg bone surg,01480,1982663035,812.84,12.0,MCCORMICK,0.0432473032218866,1.01925643146558,1.0,1606,DAVID,CRNA,09042,378,APO,ZZ,CMR 442,-0.445263173215185
1100.0,0.753432434759129,Subsequent hospital care,99232,1982734109,59136.0,209.0,YAZGAN,2.663069425223,3.53458293320539,5.26316,6124,IZZET,Psychiatry,34667,1109,ISTANBUL,ZZ,MARMARA UNIVERSITY HOSPITAL,0.649091193404886
14.0,0.0970571449400665,Place breast clip percut,19295,1972578763,1134.56,13.0,BIONDI,0.109594342466378,1.12917336002468,1.07692,3442,MICHAEL,Diagnostic Radiology,09645,2150,FPO,ZZ,PSC 819 BOX 18-5,-0.476760267966983
43.0,0.00517001080837395,Office/outpatient visit new,99203,1952374662,3482.14,43.0,JOHNSON,0.00517231287747264,1.00044527355629,1.0,2370,NATHAN,Emergency Medicine,96362,47,KINSER,ZZ,KINSER FAMILY PRACTICE,-0.0860879004876321
85.0,0.0283323841270109,Anesth upper gi visualize,00740,1982663035,5690.87,80.0,MCCORMICK,0.0287347183639555,1.01420050762904,1.0625,17101,DAVID,CRNA,09042,1052,APO,ZZ,CMR 442,1.68087578792985
324.0,0.0124357110611126,Anesth low intestine scope,00810,1053391391,37123.5,324.0,PERSONS,0.0124848522199513,1.00395161632473,1.0,15386,BRENT,CRNA,09180,2565,APO,ZZ,LANDSTUHL REGIONAL MEDICAL CENTER,-0.316512863357441
13.0,0.129742520873811,Eye exam & treatment,92014,1023287067,913.51,13.0,DURHAM,0.134177770327881,1.03418501062103,1.0,19479,MICHELLE,Optometry,09461,10648,APO,ZZ,48 MDG/ UNIT 5210 BOX 230,-0.254774025067588
17.0,0.0365572187634258,Emergency dept visit,99284,1821076738,1516.57,17.0,DILEO,0.037767896229949,1.03311732969507,1.0,33037,ROY,Emergency Medicine,09604,25776,APO,ZZ,UNIT 6180 BOX 245,-0.87686455961004
223.0,0.321746862948914,Special stains group 1,88312,1831455138,4765.51,207.0,BEYDOUN,0.484536579917969,1.50595587934264,1.07729,8140,RAFIC,Pathology,00000,7661,DAMASCUS,ZZ,37/2 BAHSA STREET,-0.884682787245778
17.0,0.0686881456848808,Mri brain w/o dye,70551,1972578763,6005.88,17.0,BIONDI,0.0697789257196967,1.01588017879854,1.0,14187,MICHAEL,Diagnostic Radiology,09645,4763,FPO,ZZ,PSC 819 BOX 18-5,-0.227578436250617
20.0,0.122445263764673,Insert kidney drain,50392,1174790489,2928.86,20.0,BAYONA MOLANO,0.145610295081233,1.18918683013401,1.0,185,MARIA,Diagnostic Radiology,571,152,BOGOTA,ZZ,CARRERA 55B 18631 APTO 101 INT 2,-1.29926822844814
148.0,0.134152371415711,Initial hospital care,99221,1982734109,11120.7,132.0,YAZGAN,0.145193647865742,1.08230399756272,1.12121,1521,IZZET,Psychiatry,34667,329,ISTANBUL,ZZ,MARMARA UNIVERSITY HOSPITAL,0.267974032154524
105.0,0.806421715281845,Intac psytx off 45-50 min,90812,1144214792,5607.53,17.0,MASINO,10.7076082453871,13.2779264775189,6.17647,11,THEODORE,Clinical Psychologist,09094,8,APO,ZZ,435 MDG,-0.663215870271268
12.0,0.283096207758875,Electrocardiogram report,93010,1730319633,75.46,12.0,LINDPAINTNER,0.362422692283164,1.28021033963074,1.0,10119,LYN,Internal Medicine,CH4132,8754,MUTTENZ,ZZ,DUERRBERGSTRASSE 19,-0.773158926295408
51.0,0.0920957699276798,X-ray exam of hip,73510,1972578763,411.94,51.0,BIONDI,0.0987070963286575,1.07178751430353,1.0,22220,MICHAEL,Diagnostic Radiology,09645,16815,FPO,ZZ,PSC 819 BOX 18-5,-0.727278148923572
729.0,0.0336797314708115,Emergency dept visit,99285,1972661726,96001.7,666.0,HUGELMEYER,0.0350592234411451,1.040959114283,1.09459,32517,CHARLES,Emergency Medicine,3328RJ,2446,DORDRECHT,ZZ,WATERMAN 155,1.52985372375714
67.0,0.0332353975887089,Ct neck spine w/o dye,72125,1972578763,2590.58,66.0,BIONDI,0.0337015701466581,1.01402638727895,1.01515,15857,MICHAEL,Diagnostic Radiology,09645,4868,FPO,ZZ,PSC 819 BOX 18-5,0.0333845995321766
14.0,0.09666211076613,X-ray exam of shoulder,73030,1972578763,361.66,13.0,BIONDI,0.105633620247372,1.09281309305306,1.07692,21341,MICHAEL,Diagnostic Radiology,09645,10181,FPO,ZZ,PSC 819 BOX 18-5,-0.150425225161275
17.0,0.0373367921505047,Anesth lower arm surgery,01810,1710950506,2498.29,17.0,DAVIS,0.0380943804903257,1.02029066494966,1.0,2360,ROGER,CRNA,96362,700,FPO,ZZ,PSC 482,-0.53264194583273
12.0,0.0756888662717192,Deb skin bone at fx site,11012,1831180645,2131.42,11.0,APPLETON,0.0894060248207437,1.18123086293538,1.09091,12,PAUL,Orthopedic Surgery,EH16 4 SA,10,EDINBURGH,ZZ,ROYAL INFIRMARY OF EDINBURGH,-1.01024220342825
22.0,0.442377970376978,Routine venipuncture,36415,1659574010,66.0,17.0,SHABTI,0.887746766357627,2.00676079236297,1.29412,24638,RAAFAT,Internal Medicine,31952,20485,AL KHOBAR,ZZ,SAAD SPECIALIST HOSPITAL,-0.802754941202672
776.0,0.6050148245956,Tissue exam by pathologist,88305,1831455138,23014.1,395.0,BEYDOUN,1.1689539498151,1.93210794561347,1.96456,13598,RAFIC,Pathology,00000,3441,DAMASCUS,ZZ,37/2 BAHSA STREET,0.0277589949895015
96.0,0.806421715281845,Intac psytx off 45-50 min,90812,1306830120,5135.62,14.0,MASINO,10.7076082453871,13.2779264775189,6.85714,11,JENNIFER,Clinical Psychologist,09094,7,APO,ZZ,435 MDG,-0.599646849708256
22.0,0.0169710783334451,"Fluzone vacc, 3 yrs & >, im",Q2038,1467461558,268.88,22.0,KRATT,0.0170971353610638,1.00742775592346,1.0,19123,LOGAN,Family Practice,09096,5038,APO,ZZ,WIESBADEN HEALTH CLINIC,-0.434444470760701
806.0,0.600899744254542,Dexamethasone sodium phos,J1100,1073593398,72.94,25.0,EGE,36.5696330078928,60.8581270961597,32.24,3361,HILMI,Hematology/Oncology,35211,2698,IZMIR,ZZ,HILMI EGE,-0.782565288842693
16.0,0.0813082971266541,Diagnosticmammographydigital,G0206,1972578763,439.95,15.0,BIONDI,0.0842466110596727,1.03613793471091,1.06667,11957,MICHAEL,Diagnostic Radiology,09645,1804,FPO,ZZ,PSC 819 BOX 18-5,0.362374073007284
55.0,0.579126096926927,Diphenhydramine hcl injectio,J1200,1073593398,29.7,20.0,EGE,2.36838083283643,4.08957711525003,2.75,2909,HILMI,Hematology/Oncology,35211,2114,IZMIR,ZZ,HILMI EGE,-0.565608831433464
60.0,0.426756942084062,Office/outpatient visit est,99214,1558358077,4682.28,47.0,HOOK,0.824792051328985,1.93269744436054,1.2766,61884,WILLIAM,Family Practice,09094,49150,APO,ZZ,435 MDG,-0.795475334170955
17.0,0.195504748934956,Urinalysis nonauto w/o scope,81002,1578705828,61.54,16.0,SYDOW,0.231427377602923,1.18374299787428,1.0625,2322,EDWARD,Physician Assistant,APO AE  09112,1570,GRAFENWOEHR,ZZ,USA MEDDAC BAVARIA,-0.523892199488614
33.0,0.209393304411864,Us urine capacity measure,51798,1144253352,534.4,27.0,LOEFFLER,0.285195006694958,1.36200633299142,1.22222,6901,JOYCE,Urology,06135,4552,GRASSE,ZZ,CENTRE HOSPITALIER DE GRASSE,-0.490135243371156
38.0,0.616142084347132,Subsequent hospital care,99233,1659574010,2942.34,23.0,SHABTI,1.43674914127796,2.33184711412847,1.65217,37443,RAAFAT,Internal Medicine,31952,25433,AL KHOBAR,ZZ,SAAD SPECIALIST HOSPITAL,-0.473063263334561
20.0,0.233950425922997,Repair venous blockage,75978,1174790489,410.2,17.0,BAYONA MOLANO,0.307524397216777,1.31448530603657,1.17647,1329,MARIA,Diagnostic Radiology,571,852,BOGOTA,ZZ,CARRERA 55B 18631 APTO 101 INT 2,-0.448792583496428
1442.0,1.05636724387066,Psytx hosp 45-50 min,90818,1306830120,91395.6,63.0,MASINO,7.53032798478233,7.1285133351828,22.8889,2745,JENNIFER,Clinical Psychologist,09094,111,APO,ZZ,435 MDG,2.09292025651614
47.0,0.619166323808431,Subsequent hospital care,99232,1790956803,2772.06,19.0,DONROE,1.73367936690052,2.80002206230602,2.47368,48081,JOSEPH,Internal Medicine,100048,20806,BEIJING,ZZ,"9-11 JIANGTAI XI ROAD,",-0.188234201561943
31.0,0.241268914934172,Echo guide for biopsy,76942,1447233218,863.04,30.0,LIGNELL,0.255558948464138,1.05922865585011,1.03333,5315,MARK,Anesthesiology,96350,1221,YOKOSUKA,ZZ,USNH,-0.101328301988838
11.0,0.0699556017993745,Treat pelvic ring fracture,27193,1831180645,4422.22,11.0,APPLETON,0.0708323747126589,1.01253327668882,1.0,102,PAUL,Orthopedic Surgery,EH16 4 SA,7,EDINBURGH,ZZ,ROYAL INFIRMARY OF EDINBURGH,-0.176942771432721
16.0,0.432402037884602,Office/outpatient visit est,99214,1942524525,979.13,11.0,BASELGA,1.0857240136104,2.51091326701878,1.45455,2571,JOSE,Medical Oncology,08035,2232,BARCELONA,ZZ,PASEO VALL DE HEBRON 119,-0.972961596024486
14.0,0.00634627100722539,Office/outpatient visit new,99201,1568678985,393.45,14.0,ANDERSON,0.00635037613867966,1.00064685725674,1.0,194,COURTNEY,Oral Surgery (dentists only),09464,3,APO,ZZ,48TH MEDICAL GROUP SGD,-0.101861250832372
18.0,0.0124357110611126,Anesth low intestine scope,00810,1245301894,2036.75,18.0,CLARK,0.0124848522199513,1.00395161632473,1.0,15386,THOMAS,CRNA,09102,2565,HEIDELBERG,ZZ,"APO, AE 09102",-0.316512863357441
37.0,0.00336758790032079,Office/outpatient visit new,99202,1952374662,1997.89,37.0,JOHNSON,0.00336850156281041,1.00027131065815,1.0,837,NATHAN,Emergency Medicine,96362,9,KINSER,ZZ,KINSER FAMILY PRACTICE,-0.0805434265337047
60.0,0.0214756096430965,Admin influenza virus vac,G0008,1477741817,240.0,60.0,PEREIRA,0.021672529767979,1.0091694777543,1.0,41131,RODRIGO,Family Practice,27281470,14083,VOLTA REDONDA,ZZ,"RUA PARA, 245, APT 101",-0.423092174862246
163.0,0.0633776561509039,Comp screen mammogram add-on,77052,1972578763,1956.0,163.0,BIONDI,0.0637386683900288,1.00569620685033,1.0,15498,MICHAEL,Diagnostic Radiology,09645,809,FPO,ZZ,PSC 819 BOX 18-5,-0.089368149574101
114.0,0.144180403621069,Remove impacted ear wax,69210,1598755449,4525.16,104.0,POGODZINSKI,0.176265162398226,1.22253203605589,1.09615,5582,MATTHEW,Otolaryngology,96328,4191,APO,ZZ,374 MDOS/SGOSL,-0.716977643299584
257.0,0.0633776561509039,Comp screen mammogram add-on,77052,1972578763,840.39,257.0,BIONDI,0.0637386683900288,1.00569620685033,1.0,15498,MICHAEL,Diagnostic Radiology,09645,809,FPO,ZZ,PSC 819 BOX 18-5,-0.089368149574101
4563.0,0.248332081310517,"LOCM 300-399mg/ml iodine,1ml",Q9967,1972578763,520.62,46.0,BIONDI,23.8881847425975,96.1945175046773,99.1957,5674,MICHAEL,Diagnostic Radiology,09645,2626,FPO,ZZ,PSC 819 BOX 18-5,0.125632749010224
16.0,0.0967164324998521,Mri abdomen w/o & w/dye,74183,1972578763,1292.4,16.0,BIONDI,0.100300358473976,1.03705601914265,1.0,3951,MICHAEL,Diagnostic Radiology,09645,1626,FPO,ZZ,PSC 819 BOX 18-5,-0.369450515496071
57.0,0.616142084347132,Subsequent hospital care,99233,1154648467,4757.2,36.0,PAZO,1.43674914127796,2.33184711412847,1.58333,37443,VALERIA,Internal Medicine,C1181ACH,27035,BUENOS AIRES,ZZ,450 GASCON,-0.520977336651072
14.0,0.124256073908497,X-ray exam of wrist,73110,1972578763,71.9,13.0,BIONDI,0.138205968165313,1.1122673026599,1.07692,14892,MICHAEL,Diagnostic Radiology,09645,7392,FPO,ZZ,PSC 819 BOX 18-5,-0.255735488028095
24.0,0.125141182519553,Initial hospital care,99223,1265477350,3629.97,23.0,DAKKOURI,0.136596040254187,1.0915354762038,1.04348,42357,CLAUDIA,Internal Medicine,0000,20364,DUBAI,ZZ,AMERICAN HOSPITAL DUBAI,-0.351820049913864
21.0,0.0957477636486712,Mri jnt of lwr extre w/o dye,73721,1972578763,1077.68,18.0,BIONDI,0.102467946542867,1.07018631702829,1.16667,9726,MICHAEL,Diagnostic Radiology,09645,705,FPO,ZZ,PSC 819 BOX 18-5,0.941565759411216
11.0,0.299276369959946,Urinalysis nonauto w/o scope,81002,1659574010,39.82,11.0,SHABTI,0.383090717132102,1.28005668200057,1.0,11870,RAAFAT,Internal Medicine,31952,10811,AL KHOBAR,ZZ,SAAD SPECIALIST HOSPITAL,-0.731045335937998
80.0,0.0968702337751036,Chest x-ray,71020,1972578763,1832.48,80.0,BIONDI,0.102712820100238,1.06031353592786,1.0,31643,MICHAEL,Diagnostic Radiology,09645,25600,FPO,ZZ,PSC 819 BOX 18-5,-0.58720552964079
320.0,0.0858261871733346,Eeg 41-60 minutes,95812,1366658627,13916.8,293.0,RANAWAT,0.0894884792394627,1.04267103301154,1.09215,450,NISHANT,Neurology,302012,54,JAIPUR,ZZ,9 OFFICERS' CAMPUS EXTN,0.552911153963008
13.0,0.0957477636486712,Mri jnt of lwr extre w/o dye,73721,1972578763,4520.07,12.0,BIONDI,0.102467946542867,1.07018631702829,1.08333,9726,MICHAEL,Diagnostic Radiology,09645,2650,FPO,ZZ,PSC 819 BOX 18-5,0.128304084204213
21.0,0.0124357110611126,Anesth low intestine scope,00810,1982663035,1440.14,21.0,MCCORMICK,0.0124848522199513,1.00395161632473,1.0,15386,DAVID,CRNA,09042,2565,APO,ZZ,CMR 442,-0.316512863357441
202.0,0.0758341463682671,Electrocardiogram report,93010,1649268871,1343.46,184.0,STRODE,0.0814819679442487,1.07447596955275,1.09783,17374,CHRISTOFER,Emergency Medicine,96205-0054,4198,APO,ZZ,18TH MEDCOM: ATTN: DCCS-QM(CREDENTIALS),0.286568357073059
75.0,0.0758341463682671,Electrocardiogram report,93010,1184603110,522.0,72.0,GLUCK,0.0814819679442487,1.07447596955275,1.04167,17374,GARY,Emergency Medicine,FPO AE 09645,11182,ROTA,ZZ,NH ROTA,-0.402657710046457
12.0,0.0266375841542637,Anesth surgery of shoulder,01630,1447233218,1467.41,12.0,LIGNELL,0.0268461298290729,1.00782900106862,1.0,1867,MARK,Anesthesiology,96350,228,YOKOSUKA,ZZ,USNH,-0.291624942532445
13.0,5.25323146538757,Measure blood oxygen level,94760,1477741817,21.2,11.0,PEREIRA,13.3450486279468,2.54035039496633,1.18182,226,RODRIGO,Family Practice,27281470,128,VOLTA REDONDA,ZZ,"RUA PARA, 245, APT 101",-0.101800473359774
14.0,0.251248459131348,Glycosylated hemoglobin test,83036,1629215371,192.5,14.0,SUDHAKAR,0.414763650201735,1.65081072192727,1.0,11285,RAJEEV,Internal Medicine,500045,10833,HYDERABAD,ZZ,"SV AKKINAPALLY MANSION ,PLOT 126 & 127, RAJEEV NAGAR",-1.56911224407134
216.0,0.0841927490798703,Eeg awake and drowsy,95816,1497083901,9074.88,204.0,ATALLA,0.0878625633070163,1.04358824562985,1.05882,4636,NADER,Neurology,A1B 3V6,1135,ST. JOHN'S,ZZ,HEALTH SCIENCES CENTER,0.173399674525367
187.0,0.761989215817178,Nursing fac care subseq,99309,1447232665,11862.0,46.0,GUY,1.96473644720717,2.57843077884001,4.06522,1309,JAN,Physician Assistant,96224,185,TONGDUCHON,ZZ,CAMP CASEY KOREA,0.756735957251683
21.0,0.118721656571372,Cystoscopy,52000,1144253352,3630.06,21.0,LOEFFLER,0.141248472165334,1.18974478831012,1.0,8805,JOYCE,Urology,06135,7940,GRASSE,ZZ,CENTRE HOSPITALIER DE GRASSE,-1.34334046521949
381.0,0.0758341463682671,Electrocardiogram report,93010,1306854732,2506.09,349.0,BRICE,0.0814819679442487,1.07447596955275,1.09169,17374,MATTHEW,Emergency Medicine,09180,4694,APO,ZZ,"LRMC, CMR 402",0.211268470746219
35.0,0.125141182519553,Initial hospital care,99223,1629215371,5811.4,34.0,SUDHAKAR,0.136596040254187,1.0915354762038,1.02941,42357,RAJEEV,Internal Medicine,500045,24647,HYDERABAD,ZZ,"SV AKKINAPALLY MANSION ,PLOT 126 & 127, RAJEEV NAGAR",-0.454798567609087
11.0,0.0216339792932651,Anesth knee arthroplasty,01402,1982841961,2010.46,11.0,SCOPE,0.0218041681635883,1.00786673907819,1.0,6954,KENNETH,Anesthesiology,1010,1075,CARACAS,ZZ,"HOSPITAL PRIVADO CENTROMEDICO DECARACAS, SAN BERNARDINO",-0.360790607519336
46.0,0.08423100621838,X-ray exam of abdomen,74020,1972578763,472.76,44.0,BIONDI,0.0893435293974445,1.06069645144461,1.04545,14738,MICHAEL,Diagnostic Radiology,09645,6696,FPO,ZZ,PSC 819 BOX 18-5,-0.170599364516846
391.0,0.0664520232825646,Ct head/brain w/o dye,70450,1972578763,11661.6,375.0,BIONDI,0.0695159784610531,1.04610777862188,1.04267,22764,MICHAEL,Diagnostic Radiology,09645,8800,FPO,ZZ,PSC 819 BOX 18-5,-0.0495009210512661
21.0,0.227341082348507,Upr/l xtremity art 2 levels,93922,1851594634,1369.72,21.0,WANG,0.251244441495251,1.10514315714439,1.0,48,ZHIJIAN,Physician Assistant,N8X 1M7,16,WINDSOR,ZZ,1463 PELISSIER STREET,-0.41848948585147
20.0,0.0740189018013168,Insert non-tunnel cv cath,36556,1982841961,2073.8,18.0,SCOPE,0.0760960142096888,1.0280619187508,1.11111,3554,KENNETH,Anesthesiology,1010,231,CARACAS,ZZ,"HOSPITAL PRIVADO CENTROMEDICO DECARACAS, SAN BERNARDINO",1.09137444588582
23.0,0.040606420328467,Emergency dept visit,99283,1821076738,1031.58,23.0,DILEO,0.0418548962608648,1.03074577670966,1.0,31668,ROY,Emergency Medicine,09604,20209,APO,ZZ,UNIT 6180 BOX 245,-0.734580167587527
247.0,0.361370487322381,Carboplatin injection,J9045,1073593398,768.81,12.0,EGE,8.34448010105308,23.0912052693692,20.5833,1760,HILMI,Hematology/Oncology,35211,1035,IZMIR,ZZ,HILMI EGE,-0.300542546675437
72.0,0.040606420328467,Emergency dept visit,99283,1306854732,3183.85,71.0,BRICE,0.0418548962608648,1.03074577670966,1.01408,31668,MATTHEW,Emergency Medicine,09180,18052,APO,ZZ,"LRMC, CMR 402",-0.398073340205792
68.0,0.0811656267682276,Insertion catheter artery,36620,1447233218,3000.45,67.0,LIGNELL,0.0824400022239128,1.01570092545856,1.01493,11999,MARK,Anesthesiology,96350,2713,YOKOSUKA,ZZ,USNH,-0.00940762685603084
128.0,0.57407128057564,Subsequent hospital care,99232,1538128665,6872.5,60.0,STENZLER,1.54542185071674,2.69203825902438,2.13333,17902,BENJAMIN,Family Practice,09175,10279,APO,ZZ,USAHC-DARMSTADT CLINIC,-0.361522528085083
49.0,0.0856281528512347,Extremity study,93971,1972578763,880.31,49.0,BIONDI,0.0881508314606266,1.02946085516728,1.0,16949,MICHAEL,Diagnostic Radiology,09645,8609,FPO,ZZ,PSC 819 BOX 18-5,-0.334209611856459
106.0,0.47665856194505,Chemo iv infusion 1 hr,96413,1073593398,11250.8,45.0,EGE,2.6661991479144,5.5935198919636,2.35556,3565,HILMI,Hematology/Oncology,35211,3259,IZMIR,ZZ,HILMI EGE,-1.21444955082731
42.0,0.0811656267682276,Insertion catheter artery,36620,1982841961,1814.82,41.0,SCOPE,0.0824400022239128,1.01570092545856,1.02439,11999,KENNETH,Anesthesiology,1010,2151,CARACAS,ZZ,"HOSPITAL PRIVADO CENTROMEDICO DECARACAS, SAN BERNARDINO",0.105401442856948
136.0,0.363925681489104,Office/outpatient visit est,99214,1033286810,9760.25,128.0,ALI,0.665639488334153,1.82905335399937,1.0625,6775,AMIR,Nephrology,54000,6429,LAHORE,ZZ,210 A UPPER MALL,-1.15160438560785
56.0,0.0749061552568945,Ct thorax w/dye,71260,1972578763,2390.65,54.0,BIONDI,0.0775467668286128,1.03525226415189,1.03704,21784,MICHAEL,Diagnostic Radiology,09645,6710,FPO,ZZ,PSC 819 BOX 18-5,0.0230151543687248
35.0,0.0876177790874674,Electrocardiogram complete,93000,1851594634,376.24,34.0,WANG,0.0918190335984053,1.0479497946044,1.02941,2221,ZHIJIAN,Physician Assistant,N8X 1M7,958,WINDSOR,ZZ,1463 PELISSIER STREET,-0.201897157079166
13.0,0.0196985810526942,Anesth surg upper abdomen,00790,1982663035,1426.99,13.0,MCCORMICK,0.0198048288918668,1.00539367982335,1.0,6519,DAVID,CRNA,09042,530,APO,ZZ,CMR 442,-0.272341652270773
22.0,0.109523120669176,Initial hospital care,99222,1750471702,2504.92,22.0,RICHARDSON,0.119083708251718,1.08729287043801,1.0,3094,JORGE,Psychiatry,5009,2189,CORDOBA,ZZ,HUGO WAST 4658,-0.733037891744986
16.0,0.0021185400783708,Office/outpatient visit new,99203,1801888680,1332.48,16.0,SUBRAMANIAN,0.00211883849340421,1.00014085880954,1.0,407,SREEKUMAR,Cardiac Surgery,09126,3,APO,ZZ,UNIT 3865,-0.0664792573771973
76.0,0.125141182519553,Initial hospital care,99223,1831164607,11877.2,74.0,ELLIS,0.136596040254187,1.0915354762038,1.02703,42357,BRADLEY,Internal Medicine,09824,25500,APO,ZZ,PSC 94 BOX 2547,-0.472257213064882
238.0,0.373782212093702,Routine venipuncture,36415,1467461558,714.0,112.0,KRATT,0.671008643331147,1.7951861314442,2.125,32613,LOGAN,Family Practice,09096,7706,APO,ZZ,WIESBADEN HEALTH CLINIC,0.491519553188586
13.0,0.578528135792935,Esrd srv 2-3 vsts p mo 20+,90961,1033286810,2372.09,12.0,ALI,1.32869963544247,2.29668974287888,1.08333,5145,AMIR,Nephrology,54000,4928,LAHORE,ZZ,210 A UPPER MALL,-0.913190865296694
16.0,0.00624467368554956,Office/outpatient visit new,99204,1356530117,1854.56,16.0,BOSTON,0.00624796940523396,1.00052776491621,1.0,3939,ANNA,Nurse Practitioner,N8N4N6,52,TECUMSEH,ZZ,785 GREEN VALLEY DRIVE,-0.0844698304325857
133.0,0.048017995994315,Emergency dept visit,99285,1578542957,17403.8,120.0,TANG,0.0504206529688543,1.05003659408909,1.10833,2367,VINCENT,Family Practice,96266,292,APO,ZZ,SQUADRON 51 MDOS,1.1562078574195
45.0,0.30875994010667,Urinalysis nonauto w/o scope,81002,1144253352,162.9,33.0,LOEFFLER,0.467490780932927,1.51409143547385,1.36364,2487,JOYCE,Urology,06135,1364,GRASSE,ZZ,CENTRE HOSPITALIER DE GRASSE,-0.321835354057737
70.0,0.616142084347132,Subsequent hospital care,99233,1265477350,5428.49,39.0,DAKKOURI,1.43674914127796,2.33184711412847,1.79487,37443,CLAUDIA,Internal Medicine,0000,22231,DUBAI,ZZ,AMERICAN HOSPITAL DUBAI,-0.373743259419979
16.0,0.00427864566783131,Office/outpatient visit new,99205,1033286810,2380.41,16.0,ALI,0.00427996924417236,1.00030934469545,1.0,2062,AMIR,Nephrology,54000,16,LAHORE,ZZ,210 A UPPER MALL,-0.0722773173826877
79.0,0.125141182519553,Initial hospital care,99223,1255477055,12070.9,78.0,VAJO,0.136596040254187,1.0915354762038,1.01282,42357,ZOLTAN,Internal Medicine,2030,30478,ERD,ZZ,GYONGYVIRAG U 26,-0.576261169820867
222.0,0.690282200286859,Home visit est patient,99350,1851594634,26015.2,94.0,WANG,1.57148330303133,2.27658094382018,2.3617,178,ZHIJIAN,Physician Assistant,N8X 1M7,51,WINDSOR,ZZ,1463 PELISSIER STREET,0.0541661879360937
383.0,0.0365572187634258,Emergency dept visit,99284,1821054651,32585.0,341.0,STRAIT,0.037767896229949,1.03311732969507,1.12317,33037,PAUL,Emergency Medicine,09042-0120,941,HEIDELBERG,ZZ,"CMR 442, BOX 120",2.38429556493743
436.0,0.0336797314708115,Emergency dept visit,99285,1306854732,56298.6,426.0,BRICE,0.0350592234411451,1.040959114283,1.02347,32517,MATTHEW,Emergency Medicine,09180,21233,APO,ZZ,"LRMC, CMR 402",-0.498724618107091
25.0,0.15520816111545,Diagnostic laryngoscopy,31575,1619188802,1293.2,24.0,BLOCH,0.189326181589381,1.21982104696513,1.04167,6968,ISAC,Otolaryngology,15295,6089,GALIL TACHTON,ZZ,MITZPE NETOFA,-0.940991988214726
26.0,0.126423189096286,Hospital discharge day,99239,1265477350,2084.78,25.0,DAKKOURI,0.138519513808287,1.09568121796697,1.04,27572,CLAUDIA,Internal Medicine,0000,14220,DUBAI,ZZ,AMERICAN HOSPITAL DUBAI,-0.401974094357595
97.0,0.4746014938865,Office/outpatient visit est,99214,1659574010,8217.33,65.0,SHABTI,0.963700582797498,2.03054688030115,1.49231,56743,RAAFAT,Internal Medicine,31952,38530,AL KHOBAR,ZZ,SAAD SPECIALIST HOSPITAL,-0.558512910488074
15.0,0.0377356983062506,Replacement of aortic valve,33405,1801888680,24585.6,15.0,SUBRAMANIAN,0.0378977685186416,1.0042948777859,1.0,715,SREEKUMAR,Cardiac Surgery,09126,48,APO,ZZ,UNIT 3865,-0.1133279861528
11.0,0.00340286205165141,Office/outpatient visit new,99205,1497083901,1386.77,11.0,ATALLA,0.00340364433665529,1.00022989030763,1.0,6559,NADER,Neurology,A1B 3V6,76,ST. JOHN'S,ZZ,HEALTH SCIENCES CENTER,-0.0675424001141883
18.0,0.758876159636565,Office/outpatient visit est,99211,1558358077,269.82,16.0,HOOK,2.21947341410141,2.92468459565833,1.125,10107,WILLIAM,Family Practice,09094,9058,APO,ZZ,435 MDG,-0.810861073723182
99.0,0.571582216388102,Subsequent hospital care,99232,1013997964,5726.73,63.0,TESORIERO,1.18487159566475,2.0729679155382,1.57143,7395,RONALD,General Surgery,96362,4814,FPO,ZZ,USNH OKINAWA,-0.423285848023089
14.0,0.082853445292627,Initial observation care,99220,1265477350,1984.36,14.0,DAKKOURI,0.084613266192902,1.02124016562087,1.0,13446,CLAUDIA,Internal Medicine,0000,4399,DUBAI,ZZ,AMERICAN HOSPITAL DUBAI,-0.251026423828692
12.0,0.00539042659636773,Office/outpatient visit new,99203,1467461558,719.76,12.0,KRATT,0.00539311155347461,1.00049809733216,1.0,17217,LOGAN,Family Practice,09096,262,APO,ZZ,WIESBADEN HEALTH CLINIC,-0.0923580621735839
21.0,0.084254607882208,Ot evaluation,97003,1164583340,1612.8,21.0,SVALYA,0.0885837607669896,1.05138179375108,1.0,3140,HEATHER,Occupational therapist,96362,1974,FPO,ZZ,PSC 482,-0.580036265182207
159.0,0.616142084347132,Subsequent hospital care,99233,1255477055,12548.8,78.0,VAJO,1.43674914127796,2.33184711412847,2.03846,37443,ZOLTAN,Internal Medicine,2030,17267,ERD,ZZ,GYONGYVIRAG U 26,-0.204201038954806
78.0,0.0584053296157206,Ct abd & pelvis,74176,1972578763,5041.03,76.0,BIONDI,0.0598813845146275,1.02527260626074,1.02632,22797,MICHAEL,Diagnostic Radiology,09645,7327,FPO,ZZ,PSC 819 BOX 18-5,0.0174211408757238
29.0,0.0696579866168384,Computer dx mammogram add-on,77051,1972578763,278.4,29.0,BIONDI,0.0715626915150997,1.02734366855503,1.0,11888,MICHAEL,Diagnostic Radiology,09645,6359,FPO,ZZ,PSC 819 BOX 18-5,-0.382093909216042
59.0,0.032519267217425,Admin influenza virus vac,G0008,1851594634,1474.41,59.0,WANG,0.0327093149609982,1.00584415824325,1.0,2700,ZHIJIAN,Physician Assistant,N8X 1M7,357,WINDSOR,ZZ,1463 PELISSIER STREET,-0.178669539555275
259.0,0.423685333971233,Office/outpatient visit est,99213,1578705828,10650.0,243.0,SYDOW,0.565514113177431,1.33475026826354,1.06584,20118,EDWARD,Physician Assistant,APO AE  09112,15140,GRAFENWOEHR,ZZ,USA MEDDAC BAVARIA,-0.475508355749649
46.0,0.0692835046589181,Emergency dept visit,99283,1578542957,2077.65,41.0,TANG,0.0730367568988193,1.05417237852471,1.12195,3359,VINCENT,Family Practice,96266,381,APO,ZZ,SQUADRON 51 MDOS,0.928010042791574
21.0,0.15520816111545,Diagnostic laryngoscopy,31575,1598755449,1413.3,21.0,POGODZINSKI,0.189326181589381,1.21982104696513,1.0,6968,MATTHEW,Otolaryngology,96328,6371,APO,ZZ,374 MDOS/SGOSL,-1.16107051396562
135.0,0.126423189096286,Hospital discharge day,99239,1831164607,11292.8,128.0,ELLIS,0.138519513808287,1.09568121796697,1.05469,27572,BRADLEY,Internal Medicine,09824,11816,APO,ZZ,PSC 94 BOX 2547,-0.295941826822348
39.0,0.616142084347132,Subsequent hospital care,99233,1629215371,3167.44,21.0,SUDHAKAR,1.43674914127796,2.33184711412847,1.85714,37443,RAJEEV,Internal Medicine,500045,20846,HYDERABAD,ZZ,"SV AKKINAPALLY MANSION ,PLOT 126 & 127, RAJEEV NAGAR",-0.33040166472838
18.0,0.0317274096953196,Endoscopic vein harvest,33508,1801888680,229.42,18.0,SUBRAMANIAN,0.0319427602045316,1.00678752256424,1.0,799,SREEKUMAR,Cardiac Surgery,09126,74,APO,ZZ,UNIT 3865,-0.212490170567092
114.0,0.471204897665964,Subsequent hospital care,99231,1013997964,3665.1,61.0,TESORIERO,0.98866126834282,2.09815575610523,1.86885,6283,RONALD,General Surgery,96362,3289,FPO,ZZ,USNH OKINAWA,-0.231933086993921
2377.0,0.629483535829483,Home visit est patient,99349,1851594634,198070.0,313.0,WANG,1.66492370614784,2.64490429277699,7.59425,239,ZHIJIAN,Physician Assistant,N8X 1M7,4,WINDSOR,ZZ,1463 PELISSIER STREET,2.9727157691682
65.0,0.647477621403695,Esrd serv 1 visit p mo 20+,90962,1033286810,9081.53,32.0,ALI,1.33154553986742,2.05651206443352,2.03125,2240,AMIR,Nephrology,54000,742,LAHORE,ZZ,210 A UPPER MALL,-0.0189719868206977
35.0,0.455191816727677,Chemo iv infus each addl seq,96417,1073593398,1908.55,16.0,EGE,1.82537508114085,4.01012279672175,2.1875,2852,HILMI,Hematology/Oncology,35211,2497,IZMIR,ZZ,HILMI EGE,-0.998492208835578
72.0,0.00539042659636773,Office/outpatient visit new,99203,1467461558,4333.34,72.0,KRATT,0.00539311155347461,1.00049809733216,1.0,17217,LOGAN,Family Practice,09096,262,APO,ZZ,WIESBADEN HEALTH CLINIC,-0.0923580621735839
457.0,0.773208384921836,Therapeutic exercises,97110,1033128236,10495.8,25.0,GUARDIA,10.3464308874173,13.3811674694439,18.28,3276,MARY,Occupational therapist,09180,779,APO,ZZ,CMR 402,0.473480494917268
80.0,0.0469324250711913,Ct angiography chest,71275,1972578763,5734.04,78.0,BIONDI,0.0475523544653701,1.01320897850981,1.02564,12832,MICHAEL,Diagnostic Radiology,09645,2130,FPO,ZZ,PSC 819 BOX 18-5,0.261440371298252
44.0,0.0624312557113923,Echo exam of abdomen,76705,1972578763,939.47,44.0,BIONDI,0.0635778264051229,1.01836533128584,1.0,17368,MICHAEL,Diagnostic Radiology,09645,6503,FPO,ZZ,PSC 819 BOX 18-5,-0.288863780413198
11.0,0.57789111509902,Psy dx interview,90801,1144214792,1091.81,11.0,MASINO,0.600757839397924,1.0395692608892,1.0,7751,THEODORE,Clinical Psychologist,09094,2641,APO,ZZ,435 MDG,-0.0658655756017371
193.0,0.00488872022673461,"PPPS, subseq visit",G0439,1851594634,18086.1,193.0,WANG,0.00489025663395918,1.00031427595635,1.0,373,ZHIJIAN,Physician Assistant,N8X 1M7,3,WINDSOR,ZZ,1463 PELISSIER STREET,-0.0642657389723247
17.0,0.0423821803092719,Uppr gi endoscopy diagnosis,43235,1033313028,1648.49,16.0,ZAGNOON,0.0436755794352946,1.03051752214219,1.0625,7274,ABBAS,Gastroenterology,21499,1255,JEDDAH,ZZ,1 AMEER ABDULLH STREET,0.732273693247469
25.0,0.0725177239861554,Diagnosticmammographydigital,G0204,1972578763,856.85,25.0,BIONDI,0.0734247125628211,1.01250712966169,1.0,10558,MICHAEL,Diagnostic Radiology,09645,2469,FPO,ZZ,PSC 819 BOX 18-5,-0.170339511387142
91.0,0.15520816111545,Diagnostic laryngoscopy,31575,1598755449,8356.9,73.0,POGODZINSKI,0.189326181589381,1.21982104696513,1.24658,6968,MATTHEW,Otolaryngology,96328,2434,APO,ZZ,374 MDOS/SGOSL,0.141313305640319
55.0,0.0572662127719682,Home visit new patient,99345,1851594634,6978.95,55.0,WANG,0.0580233750058169,1.01322179688857,1.0,104,ZHIJIAN,Physician Assistant,N8X 1M7,15,WINDSOR,ZZ,1463 PELISSIER STREET,-0.227870179686135
344.0,0.0968702337751036,Chest x-ray,71020,1972578763,2717.05,335.0,BIONDI,0.102712820100238,1.06031353592786,1.02687,31643,MICHAEL,Diagnostic Radiology,09645,18455,FPO,ZZ,PSC 819 BOX 18-5,-0.325644015482354
18.0,0.0349786866682126,Cabg arterial single,33533,1801888680,24092.7,18.0,SUBRAMANIAN,0.0351252128515525,1.00418901329057,1.0,1146,SREEKUMAR,Cardiac Surgery,09126,59,APO,ZZ,UNIT 3865,-0.119259442164109
81.0,0.00340286205165141,Office/outpatient visit new,99205,1497083901,11183.7,81.0,ATALLA,0.00340364433665529,1.00022989030763,1.0,6559,NADER,Neurology,A1B 3V6,76,ST. JOHN'S,ZZ,HEALTH SCIENCES CENTER,-0.0675424001141883
31.0,0.173085474062529,Eeg awake and asleep,95819,1497083901,1268.7,30.0,ATALLA,0.181107360951533,1.04634639002754,1.03333,4393,NADER,Neurology,A1B 3V6,1762,ST. JOHN'S,ZZ,HEALTH SCIENCES CENTER,-0.07185289661879
17.0,0.00593994946680427,Office/outpatient visit new,99204,1467461558,1740.06,17.0,KRATT,0.00594315980607492,1.00054046575456,1.0,11817,LOGAN,Family Practice,09096,167,APO,ZZ,WIESBADEN HEALTH CLINIC,-0.0909391253472809
45.0,0.082853445292627,Initial observation care,99220,1255477055,6150.7,45.0,VAJO,0.084613266192902,1.02124016562087,1.0,13446,ZOLTAN,Internal Medicine,2030,4399,ERD,ZZ,GYONGYVIRAG U 26,-0.251026423828692
31.0,0.12679386278904,Tissue exam by pathologist,88304,1265670897,302.9,22.0,AHN,0.143095906975129,1.1285712401807,1.40909,9517,GEUNG HWAN,Pathology,135  710,274,"SEOUL, KOREA",ZZ,SAMSUNG MED CTR/PATHOL.,1.96036100772146
25.0,0.126138161725801,Eeg coma or sleep only,95822,1497083901,1057.25,20.0,ATALLA,0.139538124250694,1.10623242277799,1.25,508,NADER,Neurology,A1B 3V6,59,ST. JOHN'S,ZZ,HEALTH SCIENCES CENTER,1.03031037570578
23.0,0.0813082971266541,Diagnosticmammographydigital,G0206,1972578763,2303.99,23.0,BIONDI,0.0842466110596727,1.03613793471091,1.0,11957,MICHAEL,Diagnostic Radiology,09645,6707,FPO,ZZ,PSC 819 BOX 18-5,-0.428954165115525
92.0,0.665223448426314,Subsequent hospital care,99231,1154648467,2921.92,61.0,PAZO,1.40525529723353,2.11245604850201,1.5082,17911,VALERIA,Internal Medicine,C1181ACH,11583,BUENOS AIRES,ZZ,450 GASCON,-0.429999686285735
20.0,0.0728311721059009,Initial hospital care,99222,1366658627,2176.8,19.0,RANAWAT,0.0750175341611192,1.03001959177643,1.05263,3978,NISHANT,Neurology,302012,720,JAIPUR,ZZ,9 OFFICERS' CAMPUS EXTN,0.301423194841463
15.0,0.274542625734071,Office/outpatient visit est,99214,1831180645,885.18,15.0,APPLETON,0.336576600576324,1.22595389213747,1.0,13823,PAUL,Orthopedic Surgery,EH16 4 SA,11316,EDINBURGH,ZZ,ROYAL INFIRMARY OF EDINBURGH,-0.671329770847306
221.0,0.617406103731521,Vitamin b12 injection,J3420,1851594634,87.59,50.0,WANG,1.54394404374787,2.50069449332696,4.42,316,ZHIJIAN,Physician Assistant,N8X 1M7,33,WINDSOR,ZZ,1463 PELISSIER STREET,1.24311861607882
56.0,0.0532866742455674,Emergency dept visit,99284,1578542957,4959.16,49.0,TANG,0.0559613514736949,1.05019411074149,1.14286,3145,VINCENT,Family Practice,96266,182,APO,ZZ,SQUADRON 51 MDOS,1.65584069657268
120.0,0.4746014938865,Office/outpatient visit est,99214,1730319633,7258.22,78.0,LINDPAINTNER,0.963700582797498,2.03054688030115,1.53846,56743,LYN,Internal Medicine,CH4132,37042,MUTTENZ,ZZ,DUERRBERGSTRASSE 19,-0.510620542431671
13.0,0.111099849245322,X-ray stress view,77071,1831180645,529.32,12.0,APPLETON,0.117504552754512,1.05764817461676,1.08333,49,PAUL,Orthopedic Surgery,EH16 4 SA,9,EDINBURGH,ZZ,ROYAL INFIRMARY OF EDINBURGH,0.218588964009497
59.0,0.0137949206824987,"Flulaval vacc, 3 yrs & >, im",Q2036,1851594634,579.97,59.0,WANG,0.0138390255483175,1.00319718154485,1.0,298,ZHIJIAN,Physician Assistant,N8X 1M7,23,WINDSOR,ZZ,1463 PELISSIER STREET,-0.231026493425084
12.0,0.357845465753,Initial hospital care,99221,1629215371,1011.96,12.0,SUDHAKAR,0.374737018273371,1.04720348345012,1.0,6059,RAJEEV,Internal Medicine,500045,2309,HYDERABAD,ZZ,"SV AKKINAPALLY MANSION ,PLOT 126 & 127, RAJEEV NAGAR",-0.125964292686133
21.0,0.257583195631733,Office/outpatient visit est,99213,1144253352,1208.4,19.0,LOEFFLER,0.37815139567726,1.46807478938922,1.10526,8868,JOYCE,Urology,06135,8080,GRASSE,ZZ,CENTRE HOSPITALIER DE GRASSE,-0.959434976469967
110.0,0.498946455845117,Office/outpatient visit est,99213,1043299381,4412.56,68.0,KAMENS,0.945047100717593,1.89408520623094,1.61765,64877,CATHY,Family Practice,M4K 2M6,34465,TORONTO,ZZ,84 HILLSIDE DRIVE,-0.292512568114133
16.0,0.0829177781590704,Mri lumbar spine w/o dye,72148,1972578763,923.44,16.0,BIONDI,0.0841392778223431,1.01473145675623,1.0,15678,MICHAEL,Diagnostic Radiology,09645,3803,FPO,ZZ,PSC 819 BOX 18-5,-0.175084183481249
79.0,0.654934620537022,Chemo iv infusion addl hr,96415,1073593398,1866.22,23.0,EGE,3.76383762435285,5.74689061522911,3.43478,3071,HILMI,Hematology/Oncology,35211,2438,IZMIR,ZZ,HILMI EGE,-0.614295392350048
16.0,0.0829177781590704,Mri lumbar spine w/o dye,72148,1972578763,5792.48,16.0,BIONDI,0.0841392778223431,1.01473145675623,1.0,15678,MICHAEL,Diagnostic Radiology,09645,3803,FPO,ZZ,PSC 819 BOX 18-5,-0.175084183481249
12.0,0.112319123372761,Initial observation care,99219,1629215371,1263.71,12.0,SUDHAKAR,0.115865819887228,1.03157696043172,1.0,6332,RAJEEV,Internal Medicine,500045,2127,HYDERABAD,ZZ,"SV AKKINAPALLY MANSION ,PLOT 126 & 127, RAJEEV NAGAR",-0.272530418914375
27.0,0.288872274480656,Path consult intraop 1 bloc,88331,1831455138,1306.21,17.0,BEYDOUN,0.476041595331093,1.64793106637505,1.58824,6758,RAFIC,Pathology,00000,2983,DAMASCUS,ZZ,37/2 BAHSA STREET,-0.125400401780937
94.0,0.426756942084062,Office/outpatient visit est,99214,1467461558,5397.3,68.0,KRATT,0.824792051328985,1.93269744436054,1.38235,61884,LOGAN,Family Practice,09096,45294,APO,ZZ,WIESBADEN HEALTH CLINIC,-0.667252424759659
23.0,0.112319123372761,Initial observation care,99219,1255477055,2332.18,23.0,VAJO,0.115865819887228,1.03157696043172,1.0,6332,ZOLTAN,Internal Medicine,2030,2127,ERD,ZZ,GYONGYVIRAG U 26,-0.272530418914375
129.0,0.0455552183320627,Emergency dept visit,99283,1235146945,5012.7,107.0,COOTS,0.0470732655526857,1.03332323444391,1.20561,7533,JOEL,Physician Assistant,96377,67,SAN FRANCISCO,ZZ,PSC 559 BOX 5453,3.65991815074221
328.0,0.350292665681569,Office/outpatient visit est,99214,1497083901,24641.8,113.0,ATALLA,0.534890365113964,1.52698134308128,2.90265,10583,NADER,Neurology,A1B 3V6,224,ST. JOHN'S,ZZ,HEALTH SCIENCES CENTER,2.57187945958111
12.0,0.218349495768324,Spinal fluid tap diagnostic,62270,1366658627,785.76,12.0,RANAWAT,0.2345877727657,1.07436828255653,1.0,100,NISHANT,Neurology,302012,45,JAIPUR,ZZ,9 OFFICERS' CAMPUS EXTN,-0.317016874663842
90.0,0.0336797314708115,Emergency dept visit,99285,1821054651,11377.8,89.0,STRAIT,0.0350592234411451,1.040959114283,1.01124,32517,PAUL,Emergency Medicine,09042-0120,26752,HEIDELBERG,ZZ,"CMR 442, BOX 120",-0.847798638654266
13.0,0.399407930618076,Office/outpatient visit est,99213,1366658627,678.24,13.0,RANAWAT,0.567094680387096,1.41983830794128,1.0,8055,NISHANT,Neurology,302012,7400,JAIPUR,ZZ,9 OFFICERS' CAMPUS EXTN,-0.740331945372329
