num_of_services,variation_coefficient_serv_per_bene,service_description,service_billing_code,npi,total_payments,num_of_beneficiaries,nppes_provider_last_org_name,national_stddev_serv_per_bene,national_avg_serv_per_bene,services_per_bene,num_of_providers,nppes_provider_first_name,provider_specialty,nppes_provider_zip,national_rank,nppes_provider_city,nppes_provider_state,nppes_provider_street,stddev_above_avg
25.0,0.0266356000735366,Anesth surg upper abdomen,00790,1144485533,3155.48,24.0,ROBERTS,0.026803719063695,1.00631181537845,1.04167,229,MARY,Anesthesiologist Assistants,64068,16,LIBERTY,XX,2525 GLENN HENDREN DR,1.31902634361202
15.0,0.520218405877356,Office/outpatient visit est,99213,1851363030,596.26,13.0,MICELI,1.05399433249761,2.02606120927235,1.15385,57176,PHILIP,Internal Medicine,89149,50268,LAS VEGAS,XX,7061 GRAND MONTECITO PARKWAY,-0.827532974042931
39.0,0.0116544815918506,Anesth low intestine scope,00810,1144485533,2523.97,39.0,ROBERTS,0.0116887404119789,1.0029395404556,1.0,426,MARY,Anesthesiologist Assistants,64068,36,LIBERTY,XX,2525 GLENN HENDREN DR,-0.251484792372174
43.0,0.429320359165679,Office/outpatient visit est,99215,1508926965,5014.79,22.0,WEISS,0.546894678803348,1.27386150488218,1.95455,23170,DELIA,Internal Medicine,33483,1453,DELRAY BEACH,XX,1 S.E. 4TH AVENUE,1.24463451445808
20.0,0.038325669555654,Anesth bladder surgery,00910,1144485533,1050.96,18.0,ROBERTS,0.0392800340264861,1.02490144286837,1.11111,70,MARY,Anesthesiologist Assistants,64068,3,LIBERTY,XX,2525 GLENN HENDREN DR,2.19474660247286
21.0,0.00444515675625388,Office/outpatient visit new,99205,1508926965,3102.41,21.0,WEISS,0.00444658414834482,1.00032111175583,1.0,7393,DELIA,Internal Medicine,33483,67,DELRAY BEACH,XX,1 S.E. 4TH AVENUE,-0.0722153781684111
53.0,0.0264801410756175,Anesth upper gi visualize,00740,1144485533,3283.05,52.0,ROBERTS,0.0268001740817001,1.01208577420976,1.01923,495,MARY,Anesthesiologist Assistants,64068,116,LIBERTY,XX,2525 GLENN HENDREN DR,0.266600849289149
57.0,0.4746014938865,Office/outpatient visit est,99214,1508926965,4424.27,29.0,WEISS,0.963700582797498,2.03054688030115,1.96552,56743,DELIA,Internal Medicine,33483,24242,DELRAY BEACH,XX,1 S.E. 4TH AVENUE,-0.0674790479283679
14.0,0.0213446324194992,Anesth knee arthroplasty,01402,1144485533,1899.41,14.0,ROBERTS,0.0214941097917041,1.00700304269791,1.0,150,MARY,Anesthesiologist Assistants,64068,19,LIBERTY,XX,2525 GLENN HENDREN DR,-0.325812176720588
14.0,0.020340998469166,Anesth surg lower abdomen,00840,1144485533,1822.47,14.0,ROBERTS,0.0204592140105055,1.00581168822753,1.0,39,MARY,Anesthesiologist Assistants,64068,4,LIBERTY,XX,2525 GLENN HENDREN DR,-0.284062145522648
